pid,last,first,state
22,McCarty,Kevin,CA
121,Hall,Joan,CA
122,Damm,Richard,CA
123,Marcoccia,Dean,CA
124,Gelfat,Julie,CA
125,Hart,Alexandra,CA
126,Adler,Lee,CA
127,Wiegner,Melanie,CA
128,Krauss,William,CA
129,Perrin,Larry,CA
130,Meral,Gerald,CA
131,Spelliscy,Sandra,CA
132,Ewert,James,CA
133,Newton,Thomas,CA
134,Guillen,Rosalinda,CA
135,Guzman,Martha,CA
136,Renken,Theresa,CA
137,Gurian,Robert,CA
138,Bailey-Breed,Mary,CA
139,Schiavone,Ralph,CA
140,Read,Aaron,CA
141,Black,Robyn,CA
142,Perry,Randy,CA
143,Baker,Steve,CA
144,McHale,Terence,CA
145,Katten,Anne,CA
146,Schacht,Mark,CA
147,Stammerjohan,David,CA
148,Hawkins,David,CA
149,Larson,Judith,CA
150,Eddy,Shannon,CA
151,White,"V. John",CA
152,Ross,Richard,CA
153,Gasperoni,Lisa,CA
154,Anderson,Michael,CA
155,Jones,James,CA
156,Grellmann,Dietmar,CA
157,Norwood,John,CA
158,Cortes,Rosario,CA
159,Baker,Kevin,CA
160,Isenberg,Phillip,CA
161,O'Haren,Maureen,CA
162,Greene,Michael,CA
163,Hausey,Willie,CA
164,Hausey,Frond,CA
165,"Mc Caull",John,CA
166,Barnaby,William,CA
167,Ackerman,David,CA
168,Gladfelty,Paul,CA
169,Provenza,James,CA
170,Keeslar,Karen,CA
171,Hunter,John,CA
172,Falk,John,CA
173,Catzen,Margaret,CA
174,Foran,John,CA
175,Harris,Richard,CA
176,Thompson,Jo-Linda,CA
177,Walker,Christopher,CA
178,Powell,Robert,CA
179,Caldwell,Kaye,CA
180,Soares,Kristen,CA
181,"(Formerly Alonzo)",Lupe,CA
182,Morgan,Jamie,CA
183,Douglas,Steven,CA
184,Miller,Tami,CA
185,Wright,Marilyn,CA
186,Cvitanov,Katie,CA
187,Salazar-Hobson,Antonio,CA
188,Brown,Marc,CA
189,BrOwn,Donald,CA
190,Cole,Charles,CA
191,Heritage,Celeste,CA
192,Borg,Catherine,CA
193,Coye,Peter,CA
194,Fellmeth,Julianne,CA
196,"Mc Cullough",Donald,CA
197,Yaryan,Timothy,CA
198,Daum,Skip,CA
199,Palmer,Sally,CA
200,Price,Kenneth,CA
201,Lujan,Wesley,CA
202,Friedman-Johnson,Leslie,CA
203,Seitz,Donna,CA
204,Minnehan,Christine,CA
205,Geyer,William,CA
206,West,Jennifer,CA
207,Evans,Kurt,CA
208,Chiappetta,Douglas,CA
209,Hansen,Jay,CA
210,Abouhassan,Evelyn,CA
211,Knaus,Graham,CA
212,Wallauch,Steven,CA
213,Miethke,Eric,CA
214,Gross,James,CA
215,Naylor,Robert,CA
216,Leoni,Marguerite,CA
217,Erbin,Eugene,CA
218,Christian,Cathy,CA
219,Fernandes,Alan,CA
220,Gruttadauria,Jessie,CA
221,Upholt,Gerald,CA
223,Low,Dave,CA
224,Sookprasert,Jai,CA
226,Edgar,Sean,CA
227,Buttacavoli,Raymond,CA
228,Gonzalez,William,CA
229,Henderson,Steve,CA
230,Duran-Flores,Dolores,CA
231,Weimer,Dennis,CA
232,Michaels,Judith,CA
233,Sanchez,Dolores,CA
234,Throne,Randy,CA
235,Arteaga,Alexander,CA
236,Bermudez,Vicki,CA
237,Furillo,Jill,CA
238,Dumpel,Hedy,CA
239,Albrecht,Lorraine,CA
240,Hunter,Dale,CA
241,Ouchida,Dorothy,CA
242,Peverini,Nancy,CA
243,Drabble,Nancy,CA
244,Tratten,Lea-Ann,CA
245,Keene,Scott,CA
246,Allayaud,Bill,CA
247,Masara,Mark,CA
248,Rate,Alex,CA
249,Schreiberg,Frances,CA
250,Wright,Sheron,CA
251,Sauls,Jeff,CA
252,Cespedes,Larisa,CA
253,LaMar,Steven,CA
254,Kaylor,Donna,CA
255,Folwarkow,Scott,CA
256,Reheis-Boyd,Catherine,CA
257,Kapsa,Deborah,CA
258,Laubacher,Cynthia,CA
259,Anderson,Darius,CA
260,Bone,Thomas,CA
261,Mansfield,Gene,CA
262,Saggau,Thomas,CA
263,Hunter,Delaney,CA
264,Smith,"D. J.",CA
265,Watts,Mark,CA
266,Page,Craig,CA
267,Green,Lawrence,CA
268,Castellano,Carmela,CA
269,Shay,Mary,CA
270,Mendez,Leticia,CA
271,Brennand,Terrence,CA
272,Castro,Michelle,CA
273,L23685,Allen,CA
274,Drumm,M.T.,CA
275,Chang,Tim,CA
276,Johnston,Patrick,CA
277,Douglas,Karen,CA
278,Malan,Justin,CA
279,D'Arelli,Michael,CA
280,Kaneko,Casey,CA
281,Jacobson,Daniel,CA
282,Blackledge,Steven,CA
283,Beard,Kristin,CA
284,Rea,Lisa,CA
285,Bedrosian,William,CA
286,Bruner,James,CA
287,Baldo,Robert,CA
288,Bourne,Lydia,CA
289,Morshed,Linda,CA
290,Dwelley,Stacy,CA
291,Chin,Lisa,CA
292,Flanagan,Gerald,CA
293,Trujillo,Ray,CA
294,Wetch,Scott,CA
295,Center,Chuck,CA
296,Mejia,Jose,CA
297,Holober,Richard,CA
298,Nichols,Sara,CA
299,Sher,Katherine,CA
300,Moreno,Michael,CA
301,Pelote,Willie,CA
302,Gerowitz,Paul,CA
303,Knowlton,Virginia,CA
304,"Mc Cabe",Susan,CA
305,Peters,David,CA
306,LaBrie,Paula,CA
307,"Shrader Jr.",Richard,CA
308,McFadden,Brett,CA
309,Jeffries,Laura,CA
310,Walters,Karen,CA
311,Perez,Judith,CA
312,Roberson,Gabriel,CA
313,Khan,Jamie,CA
314,Ruiz,Darlene,CA
315,Baker,"De Ann L.",CA
316,Keene,Karen,CA
317,Keil,Steve,CA
318,Leary,Pat,CA
319,Lopez,Rubin,CA
320,O'Halloran,Caitlin,CA
321,Szalay,Steven,CA
322,Samuel,Denny,CA
323,III,"K.C. Bishop",CA
324,"Mc Connell",Gregory,CA
325,Huezo,Cristina,CA
326,Croney,Art,CA
327,Corley,Raymond,CA
328,Wall,Daniel,CA
329,Warmerdam,Mary-Ann,CA
330,Boyd,Kelly,CA
332,Spohn,Richard,CA
333,Abbett,Kelly,CA
334,Gamiz,Ana,CA
335,Frank,Erika,CA
336,Doctor,Deborah,CA
337,Pinel,Renee,CA
338,Villalobos,Veronica,CA
339,Zolezzi,Stephen,CA
340,Mossburg,Kathleen,CA
341,Sustaita,Luisa,CA
342,Turner,Prem,CA
343,Bissell,Kathleen,CA
344,Mecca,Frank,CA
345,Robinson,Laurence,CA
346,Flammer,Christopher,CA
347,Valencia,John,CA
348,Ross,Esperanza,CA
349,Zehner,M.Steven,CA
350,Berends,Edwin,CA
351,Edgar,Evan,CA
352,Felizzatto,Daniel,CA
353,Carlson,Stephen,CA
354,Fair,Reginald,CA
355,Brandenburg,Katherine,CA
356,Flanigan,John,CA
357,Flanigan,Michael,CA
358,Flanigan,Terrance,CA
359,Flanigan,Timothy,CA
360,"Tucker Jr",Curtis,CA
361,Schafer,Trudy,CA
362,Ferguson,James,CA
363,Bernheimer,Robert,CA
364,Patterson,David,CA
365,Hollingsworth,Kathy,CA
366,"Mc Elderry",Robert,CA
367,Chadha,Surinder,CA
368,Duerr,Marc,CA
369,Bigelow,Melva,CA
370,Wooten,Eric,CA
372,Flynn,Lara,CA
373,Gerber,Donna,CA
374,Green,Karon,CA
376,Gorman,Bertha,CA
377,Wiese,Kristy,CA
378,Brooks,Kelly,CA
379,Howard,Elizabeth,CA
381,Henning,Patrick,CA
382,Senderling,Catherine,CA
383,Culliton,Katie,CA
384,Carolan,Edmund,CA
385,Power,Kristin,CA
386,Bacchi,Charles,CA
387,Broyles,Julianne,CA
388,"Di Mare",Dominic,CA
389,Nera,Valerie,CA
390,Macaluso,Robert,CA
391,Rubin,Robert,CA
392,"A. Kimbrough",John,CA
393,Barrow,Bret,CA
394,Stover,Glenn,CA
395,Bettencourt,Joanne,CA
396,Torres,Jesus,CA
397,Brakensiek,Carlyle,CA
398,Hernandez,Pete,CA
399,Perez,Roy,CA
400,Tyler-Jackson,Stephanie,CA
401,Edwards,Nolice,CA
402,Lynch,Mike,CA
403,Hurst,Jean,CA
404,Golka,Joshua,CA
405,Garcia,Eloy,CA
406,Mosqueda,Terri,CA
407,Guerrero,Martha,CA
408,Dowden,Hellan,CA
409,Arnold,Michael,CA
410,Foy,Kristian,CA
411,Welty,Matthew,CA
412,Leacox,Daniel,CA
413,Gassaway,Leanne,CA
414,Knox,James,CA
415,Martin,Elizabeth,CA
416,Rosegay,Margaret,CA
417,Pedrotti,"J. Kevin",CA
418,Gordon,Donald,CA
419,Tribble,Douglas,CA
420,Halnan,Charles,CA
421,Whitlock,Wayne,CA
422,Yaki,Michael,CA
423,Bicker,Robert,CA
424,Carlton,Debra,CA
425,Poppe,Heidi,CA
426,Hernandez,Anthony,CA
427,Selix,Rusty,CA
428,Gentzel,Margie,CA
429,Western,Dan,CA
430,Murch,Ken,CA
431,Kessler,Alice,CA
432,Houston,Douglas,CA
433,Houston,Robert,CA
434,Devine,William,CA
435,Kellison,Peter,CA
436,Nelson,Laurie,CA
437,Randlett,James,CA
438,Shelton,Jeffrey,CA
439,Martinez,Gilbert,CA
440,Marshall,Patrick,CA
441,Arriola,Monica,CA
442,Evans,Carol,CA
444,Magnani,Bruce,CA
445,Thompson,Rayne,CA
446,Marshall,Marla,CA
447,Criscione,Joe,CA
448,Lovell,John,CA
449,Newhart,Charlotte,CA
450,Pomer,Anne,CA
451,Pomer,Bruce,CA
452,Simonelli,Frederick,CA
453,Simonelli,James,CA
454,Rosenberg,Roger,CA
455,Griffith,Sherry,CA
456,Bennett,Ronald,CA
457,Berg,Carol,CA
458,Blattner,Robert,CA
459,Bray,Arnold,CA
460,Goldfinger,Paul,CA
461,Hall,Kenneth,CA
462,"La Casse",Nancy,CA
463,Conover,Gary,CA
464,Foster,Alan,CA
465,Camarillo-Krohn,Lucy,CA
466,Turner,"Wm. Gregory",CA
467,Martin,Lisa,CA
468,Mudge,Cathy,CA
469,Larson,Roberta,CA
470,Villasenor,Salvador,CA
471,Riley,Kathleen,CA
472,Magallan,Rafael,CA
473,Bader,Charles,CA
474,Zuckerman,Thomas,CA
475,Schmiege,Patricia,CA
476,Presley,Robert,CA
477,Franchetti,Michael,CA
478,"Shannon Jr.",Timothy,CA
479,Kaldor,Rachel,CA
480,Coyle,Tim,CA
481,Dellinger,Kimberley,CA
482,Lyon,Richard,CA
483,"A. Procida",Katherine,CA
484,Raymer,Robert,CA
485,Ortega,Jesse,CA
486,Leal,"H. Francisco",CA
487,Cole,Kathleen,CA
488,Onate-Quintana,Pilar,CA
489,Zenzola,Pat,CA
491,Smock,Jon,CA
492,Washington,Willie,CA
493,Rogge,Michael,CA
494,English,Jeannine,CA
495,Frahm,Christine,CA
496,McGANN,Terry,CA
497,Riley,Tom,CA
498,Jewel,Elisabeth,CA
499,Kilbourn,Michael,CA
500,Chamorro,Amalia,CA
501,Pane,Donna,CA
502,Pane,Josh,CA
503,Pitcl,Joni,CA
505,Scarlett,Robert,CA
506,Feliciano,Armand,CA
509,Edelstein,Alan,CA
510,Gilbert,Donald,CA
511,Robson,Michael,CA
512,Brown,Debra,CA
513,Escamilla,Phillip,CA
514,"Mc Graw","G. Michael",CA
515,Capell,Beth,CA
516,Hewlett,Clothilde,CA
517,Lyons,Joseph,CA
518,Sutton,Matthew,CA
519,Rothrock,Dorothy,CA
520,Vermeulen,Philip,CA
521,Markuson,Richard,CA
522,Cammarota,Nick,CA
523,Webb,Michael,CA
524,Vargas,Sandra,CA
525,Rhoads,Stephen,CA
526,Shimasaki,Dale,CA
527,Miller,Jackie,CA
528,Achermann,Robert,CA
529,Schinske,Don,CA
530,Kersten,David,CA
531,Goldberg,Lenny,CA
532,Hernandez,Mary,CA
534,Polanco,Richard,CA
535,Spencer,Sedrick,CA
536,Smith,Trent,CA
537,Rodriguez,Lisa,CA
538,Fletcher-Stover,Carrie,CA
539,Gualco,Jackson,CA
540,Kidney,"R. Brian",CA
541,Daijogo,Kendra,CA
542,Leathers,Patrick,CA
543,Manning,Edward,CA
545,Biglieri,Barbara,CA
546,Bua,Shiela,CA
547,Inslee,Theresa,CA
548,Duffy,Thomas,CA
549,Holmes,Paul,CA
550,Padilla,Ian,CA
551,Silva,Ernest,CA
552,Walrath,David,CA
553,Theisen,Mark,CA
554,Fernandez,Soyla,CA
555,Dunn,Keith,CA
556,Margolin,Burt,CA
557,Depierro,Denyette,CA
558,Robinson,Richard,CA
559,Brown,Craig,CA
560,Carmona,Jose,CA
561,Gonzalez,Cher,CA
562,Fitzharris,Timothy,CA
563,Horton,Victoria,CA
564,Hughes,Trudi,CA
565,Brown,Laura,CA
566,George,Sande,CA
567,Sledge,Elaine,CA
568,Statham,Stan,CA
569,Lindsay,Steven,CA
570,Dolejsi,Edward,CA
571,Santana,"Al Hernandez",CA
572,Kuhns,Ann-Louise,CA
573,Lindburg,James,CA
574,Mattock,Noelle,CA
575,Barsuglia,Heidi,CA
576,Armentrout,Nancy,CA
577,Jann,Mary,CA
578,Nixon,Darryl,CA
579,Medeiros,"C.W. 'Nick'",CA
580,Grigg,Bill,CA
581,Burt,Robert,CA
584,Cattolica,Stephen,CA
585,Soares,George,CA
586,Brown,Amy,CA
587,"Brown Jr.",Louis,CA
588,"Van Vleck",Stanley,CA
589,Wagoner,Monica,CA
590,Boccadoro,Michael,CA
591,Ravazzini,Taryn,CA
592,Rees,Brian,CA
593,Geis,Dan,CA
594,Hemby,William,CA
595,Hansen,Laurie,CA
596,Yocca,Joseph,CA
597,Desmond,Claudine,CA
598,Desmond,Gerald,CA
599,Chafe,Bonnie,CA
600,Teegarden,Robert,CA
601,Wanner,Linda,CA
602,Madden,Timothy,CA
603,"Desmond Jr.",Gerald,CA
604,Stuart,Susan,CA
605,Cline,Robert,CA
606,Duplissea,William,CA
607,Wayne,Alan,CA
608,Aroner,Dion,CA
610,Jeffe,Douglas,CA
611,Quimby,John,CA
612,Caves,Joseph,CA
613,Olmstead,Brooke,CA
614,Welch,Virgil,CA
615,Blonien,Rodney,CA
616,Biller,Beau,CA
617,Larson,George,CA
618,Hart,Gordon,CA
619,Cook,Gregory,CA
620,Horiuchi,Wayne,CA
621,Townsend,Christopher,CA
622,Kos-Read,Isaac,CA
623,Fitzgerald,Sean,CA
624,Massey,Christian,CA
625,Fischer,Niel,CA
626,Pawlicki,Mark,CA
627,Gonzalez,Jim,CA
628,Morales,Maria,CA
629,Harris,Robert,CA
630,Hime,Rex,CA
631,Moriyama,Cliff,CA
633,Burns,Michael,CA
634,Frank,Lisa,CA
635,Gilson,Catherine,CA
636,Jensen,Carolyn,CA
637,Kaye,Loren,CA
638,Kreutzen,Richard,CA
639,Pownall,Frederick,CA
640,Ross,Jonathan,CA
641,Manske,Nathan,CA
642,Schiele,Angela,CA
643,O'Keefe,Erin,CA
644,Lehman,Richard,CA
645,Sadler,Scott,CA
646,Kelly,Anne,CA
647,Morgan,James,CA
648,Carey,Sandra,CA
649,Gaines,William,CA
650,Hennelly,Mark,CA
651,Loper,Dennis,CA
652,Cassie,James,CA
653,Bloomstine,Todd,CA
654,Bovee,Joanne,CA
655,Wehrle,William,CA
656,Fox,Robert,CA
657,Benton,John,CA
658,Venturini,Rina,CA
659,"Mc Farland",Jan,CA
660,Klinger,Joe,CA
661,Mazzoni,Kerry,CA
662,Belleza,Lara,CA
663,Jimenez,Elizabeth,CA
664,Rosa,Kris,CA
665,Wolen,Judith,CA
666,Golden,Sherrie,CA
667,Stresak,Sandra,CA
668,Dohring,William,CA
669,"Van Etten",John,CA
670,Weiner,Peter,CA
672,Hoffman,Robert,CA
673,"Barnaby III",William,CA
674,Speer-Barish,Leesa,CA
675,Sievers,Jeffrey,CA
677,Ritts,Richard,CA
678,Galati,Scott,CA
679,Stein,Eric,CA
680,Falasco,Michael,CA
681,Helget,Charles,CA
682,Belote,Michael,CA
683,Rakich,Mark,CA
685,Gonzalez,David,CA
686,Leacox,Jeffrey,CA
687,Krause,Arthur,CA
688,Colborn,"G. Diane",CA
689,Gunning,Michael,CA
690,Paiva,Michael,CA
691,Fong,Ronald,CA
692,Livingston,Gene,CA
693,Mattesich,James,CA
694,Pollack,Randy,CA
695,Terry,Parke,CA
696,Thomas,William,CA
697,"Le Blanc",Martin,CA
698,Metropulos,Jim,CA
699,Mason,Paul,CA
700,Magavern,Bill,CA
701,Leland,Clarence,CA
702,Siverling,William,CA
703,Ward,Randall,CA
704,Kammerer,Lori,CA
705,Ordos,Wayne,CA
706,Ackler,Joseph,CA
707,Treat,Paula,CA
708,Thomas,Terri,CA
709,Gonsalves-Kinney,Mary,CA
710,Kahl,Michael,CA
711,Kim,Daniel,CA
713,Tindel,Jeannie,CA
714,Allen,Bruce,CA
715,Simoni,Ralph,CA
716,Walters,Robert,CA
717,Angelo,Ted,CA
718,Eowan,Anne,CA
719,Caldwell,John,CA
720,Heim,Ralph,CA
721,Malinowski-Ball,Julee,CA
722,Modisette,David,CA
723,Noack,Russell,CA
724,Taugher,Fred,CA
725,Wada,Jennifer,CA
726,Newman,Eric,CA
727,Pizarro,Sandra,CA
728,Sickenger,Jeffrey,CA
729,Holmes-Gen,Bonnie,CA
730,Knepprath,Paul,CA
731,Gonsalves,Jason,CA
732,Gonsalves,Anthony,CA
733,Gonsalves,Paul,CA
734,Hall,Danielle,CA
735,Howarth,Lori,CA
736,Zajac,Amy,CA
737,Bland,Tyrone,CA
738,Baugh,Scott,CA
739,Wesselman,Eric,CA
740,Scott,Kathryn,CA
741,Howe,Timothy,CA
742,Steffes,George,CA
743,Haleva,Jerry,CA
744,Hansen,Bev,CA
745,Lang,Joseph,CA
746,"Mc Cubbin",Sandi,CA
747,IV,George,CA
748,O'Malley,John,CA
749,Smith,Paul,CA
750,Corn,James,CA
751,McCARTHY,Sean,CA
752,Deddeh,Wadie,CA
753,Ellison,Brooks,CA
754,Johnson,Marc,CA
755,Scribner,Jerry,CA
756,Warriner,Tim,CA
757,Flatt,Dennis,CA
758,Hawkins,"J. Michael",CA
759,Mattos,Deborah,CA
760,Duncan,Denise,CA
761,Conlin,Peter,CA
762,Mattoch,Michael,CA
763,L.,Franco,CA
764,P.,Greene,CA
766,Miyamoto,Wayne,CA
767,Stassi,James,CA
768,Boatwright,Daniel,CA
769,Brownsey,Donne,CA
770,Brokaw,Barry,CA
771,Garcia,Robert,CA
773,Ochoa,Christopher,CA
774,Moore,Jacqueline,CA
775,"Lind Jr.",Allan,CA
776,Ochoa,Ralph,CA
777,"Mc Govern",Elizabeth,CA
778,Moretti,Matt,CA
779,"O. Abrams",James,CA
780,Naten,Derek,CA
781,Wilson,Bob,CA
782,Ross,Lynda,CA
783,White,Charles,CA
784,Garrett,Daniel,CA
785,Puccio,"S. Guy",CA
787,Granlund,Brett,CA
788,Lungren,Brian,CA
789,Shinstock,Holly,CA
790,Lynch,Timothy,CA
791,Noteware,Frederick,CA
792,Siverling,Matthew,CA
793,Judith,Citko,CA
794,Delgado,Alvarez,CA
795,Martin,Gallegos,CA
796,Glaser,Barbara,CA
798,Mary,Huttner,CA
799,Sheree,Kruckenberg,CA
800,Roger,Richter,CA
801,Riddell,Laura,CA
802,O'Reilly,Robert,CA
803,Griffin,Mary,CA
804,Gabhart,Jason,CA
805,Hill,Terri,CA
806,Snider,Barrett,CA
807,Burns,"B. Teri",CA
808,Birdsall,Peter,CA
809,Burns,Donald,CA
810,Marzec,Edwin,CA
811,Gambee,Peter,CA
812,Sobel,Laurie,CA
813,Chavez,Elena,CA
814,Savage,Mark,CA
815,Odabashian,Elisa,CA
816,Agredano,Yvette,CA
817,Yoder,Paul,CA
818,Shaw,Joshua,CA
819,Rice,Richard,CA
820,Halko,Lisa,CA
821,Renfree,Thomas,CA
822,Snyder,Jennifer,CA
824,Chilgren,Delia,CA
825,Castro,Vivian,CA
826,Hoffman,Erika,CA
827,Breed,Kirk,CA
828,Hiestand,Fred,CA
829,Korinke,Jean,CA
830,Docherty,Bryce,CA
831,Lynn,Dohn,CA
832,Arriaga,John,CA
833,Lee,Stanley,CA
834,Rhine,Jason,CA
835,Hill,Wendy,CA
836,Govenar,Hedy,CA
837,Tom,Ronald,CA
838,Imholz,Elizabeth,CA
839,Lui,Earl,CA
840,Garcia,Norma,CA
841,Hillebrand,Gail,CA
842,Harper,Michelle,CA
843,Benitez,Ann,CA
844,Sarver,Justine,CA
845,Okumu,Lucy,CA
846,Cohagan,Jessica,CA
847,Burgat,Marc,CA
848,Levy,Robert,CA
849,Frazier,Rex,CA
850,Astor,John,CA
851,Ferguson,Barbara,CA
852,Curry,Paul,CA
854,Brode,Elizabeth,CA
855,Peterson,Donald,CA
856,Revell,Dennis,CA
857,Latimer,John,CA
858,Helmsin,Dave,CA
859,Lott,Charissa,CA
860,Medina,Leslie,CA
862,Gagan,Michael,CA
864,Dias,Michele,CA
865,Falamaki,Shaudi,CA
866,Bernal,Lina,CA
868,Schott,Timothy,CA
869,"Lites Jr.",James,CA
870,Robert,Burke,CA
871,"Mc Guire",Walter,CA
872,K.,"Takashima,",CA
873,Ramer,Lisa,CA
874,Frost,Jeffrey,CA
875,Berg,Cliff,CA
876,Govenar,Andrew,CA
877,Govenar,Scott,CA
878,Ferrera,Anna,CA
879,Conaty,Pete,CA
880,Nichol,Dana,CA
883,Read,Lindsey,CA
885,Mathew,Sally,CA
886,Jarrell,Karen,CA
887,Birnbaum,Ariella,CA
888,Miller,Monica,CA
889,Cortez-Roth,Melissa,CA
890,Zanelli,Jerry,CA
891,Valentine,Jimmy,CA
892,Billy,Vernon,CA
893,Hajela,Abhas,CA
894,Hill,Nathan,CA
895,Hunter,Tricia,CA
896,Allen,Myrna,CA
897,Mendonca,Roberta,CA
898,Davis,Ronald,CA
899,Maclay,Julia,CA
900,Vogts,James,CA
901,Solsby,Jeff,CA
903,Ryan,Patricia,CA
904,Carrigg,Daniel,CA
905,Stenbakken,Dwight,CA
906,Hunter,Yvonne,CA
907,O'Gorman,Amy,CA
908,Thomas,"P. Anthony",CA
909,Kornylo,Barbara,CA
910,Norwood,Erin,CA
911,Bauer,Paul,CA
912,Cristina,Rose,CA
913,Gonzalez,Anthony,CA
914,"Van Osten",Kathleen,CA
915,Rand,Martin,CA
917,Casazza,Teresa,CA
919,Walters,Danielle,CA
920,Bishop,Keith,CA
921,"Bruner, MD",Jack,CA
922,Rana,Amit,CA
924,Worley,Edward,CA
925,Rose,Valerie,CA
926,Stone,Kimberly,CA
927,Smutny-Jones,Robin,CA
928,"Mc Donald",Mary,CA
929,Hooper,John,CA
930,Nguy,Linda,CA
931,Marston,Jeff,CA
932,Sweeney,James,CA
934,Stein,Jonathan,CA
935,Regan,Matt,CA
936,Agee,Jovan,CA
937,Lopez,Adrian,CA
938,Patel,Amisha,CA
939,Schmelzer,Jason,CA
941,Schmidt,Herb,CA
942,O'Malley,Kathleen,CA
943,Minton,Jonas,CA
944,McIntyre,Mindy,CA
945,Guerrero,Rene,CA
946,Sluis,Matthew,CA
947,Patton,Gary,CA
948,Douglas,Ian,CA
949,Ryan,Paul,CA
950,Pahos,Theo,CA
951,Lewis,Kimberly,CA
952,Lange,Karen,CA
953,Mathe,Gayle,CA
954,Harris,John,CA
955,Kahn,Floreine,CA
956,Razavi,Layla,CA
957,Toler,Alice,CA
958,Nguyen,Anh,CA
959,Wheeler,Peggy,CA
960,Kester,Ron,CA
961,Giroux,Bob,CA
962,Roosa,Bryan,CA
963,Addis,Reed,CA
965,Mendiola,Katrina,CA
966,Brown,Willie,CA
967,Thompson,Jennifer,CA
968,Dion,Heather,CA
969,Topp,Moira,CA
970,Christoffersen,Kyla,CA
971,Zeichner,Lauren,CA
972,Volberg,Jeffrey,CA
973,Ross,Robert,CA
974,Rooker,Alexandra,CA
975,Moran,Patrick,CA
976,Fisher,Marti,CA
978,Callahan,Robert,CA
979,Gordon,Kevin,CA
980,Ecks,Elizabeth,CA
981,Diaz,Cesar,CA
982,Ball,Elisabeth,CA
983,Bilowit,Wayne,CA
985,Kimber,Anna,CA
986,Martinez,Juanita,CA
989,Carmona,Ralph,CA
990,Fotos,Brenda,CA
991,"Ouye, Jr.",Carnegie,CA
992,Fox,Donna,CA
993,Wheeler,Matthew,CA
994,Midgley,Kelly,CA
995,Nobili,Mark,CA
996,Mack,"C. Adonai",CA
997,Green,Donald,CA
998,Kim,Douglas,CA
999,Carrillo,Pete,CA
1000,Lynch,Kathryn,CA
1001,"Mac Donald",Mark,CA
1002,"Mc Callum",Patrick,CA
1003,Dowdy,Eric,CA
1004,Taylor,Rick,CA
1005,Christy,Jack,CA
1006,Burton,Fran,CA
1007,Andolina,Tina,CA
1009,"Mc Fadden",Leslie,CA
1010,Higgins,William,CA
1011,Hansen,Dwight,CA
1013,Siegenthaler,Tatiana,CA
1015,Stark,Liisa,CA
1016,Jones,Fred,CA
1017,Johns,Craig,CA
1019,"La Grande",Susan,CA
1020,Ruiz,Ermelinda,CA
1021,Antwih,Andrew,CA
1022,Pappas,Emily,CA
1023,IV,James,CA
1026,Wagner,Angela,CA
1029,Hagar,Randall,CA
1030,Gard,Barbara,CA
1031,Farrel,Glenn,CA
1032,Kimball,Mike,CA
1033,Mendez,Michael,CA
1034,Seeram,Santosh,CA
1035,Bolden,Michael,CA
1036,Guerrero,Willie,CA
1037,Ulrich,John,CA
1038,Walsh,Sister,CA
1039,Harmon,Deborah,CA
1040,Hernandez,Consuelo,CA
1041,Rattigan,Michael,CA
1046,Romero,Erica,CA
1047,Dillon,Michael,CA
1048,Dillon,Christina,CA
1050,Snyder,Julie,CA
1051,Zierman,Rock,CA
1053,Wasco,Laura,CA
1054,Nomellini,Dante,CA
1055,Menth,Megan,CA
1056,Rollens,Rick,CA
1057,Mehta,Ravi,CA
1058,Minghelli,Amy,CA
1065,Padden,Maurine,CA
1066,Alanis,Alex,CA
1067,Gould,Kevin,CA
1068,Konovaloff,"S. Thomas",CA
1071,Orozco,Raul,CA
1072,McIntyre,Carolyn,CA
1073,Howell,Cynthia,CA
1076,Back,Matt,CA
1077,Miyashiro,Robert,CA
1078,Arrieta,David,CA
1079,Sholes,Elizabeth,CA
1080,Bennett,Edith,CA
1081,Matteis,Richard,CA
1084,Salisbury,Lisa,CA
1085,Braly,Hunt,CA
1086,Morales,Bob,CA
1087,Young,Bruce,CA
1088,Price,Pete,CA
1089,Murdock,Debra,CA
1091,Schmelzer,Timothy,CA
1092,Zamorano,Manuel,CA
1093,Hackney,Catherine,CA
1094,Hughes,John,CA
1096,Wordelman,Nicole,CA
1097,Bouma,Christy,CA
1098,Hatch,Brian,CA
1099,Schillig,Anne,CA
1101,Weideman,Mark,CA
1104,Pasternak,Alan,CA
1106,Diaz,Martha,CA
1111,Heckler,David,CA
1112,Smith-Crowley,Shannon,CA
1113,Louden,David,CA
1115,Tseu,Stephanie,CA
1118,Ruiz,Joseph,CA
1122,Miller,Roxanne,CA
1123,Shultz,Kristine,CA
1126,Kathryn,Rees,CA
1129,Suter,Lynn,CA
1130,Bluntzer,James,CA
1131,Toppin,Ted,CA
1135,Martinez,Samantha,CA
1136,Tennis,Matthew,CA
1137,Elliott,Casey,CA
1138,Anderson,Terry,CA
1139,Knudsen,Michael,CA
1140,Coleman,Brenda,CA
1141,Bailey,Keri,CA
1143,Harris,Thelma,CA
1144,Meeks,Tracey,CA
1147,Mcfetridge,Duncan,CA
1148,Warner,Nick,CA
1149,Plotkin,Norman,CA
1151,Dumaine,Marlaigne,CA
1154,Augusta,Brian,CA
1155,Hart,Timothy,CA
1156,Kanouse,Randele,CA
1157,Wendell,Harlan,CA
1159,Parks,Perry,CA
1161,Roberti,David,CA
1162,Maestas,Katherine,CA
1164,Shahan,Rosemary,CA
1165,Olberg,Robert,CA
1166,Fuller,Jeffrey,CA
1167,Diehl,Kate,CA
1168,Lebov,Ray,CA
1170,Gladstein,Margaret,CA
1171,Twohig,Brendan,CA
1172,South,Sean,CA
1173,Morrison,Jonathan,CA
1174,Mass,Brian,CA
1175,Reeb,Robert,CA
1177,L.,Carpenter,CA
1179,Hiltachk,Thomas,CA
1180,Spencer,Karen,CA
1181,Goehring,Vernell,CA
1182,Timmerman,Mark,CA
1183,Samuelian,Steve,CA
1184,Hall,Sonia,CA
1185,Moyer,Craig,CA
1186,Tanner,Mckay,CA
1187,McMorrow,Thomas,CA
1188,Martinez,Michael,CA
1189,Main,Fred,CA
1190,Marshall,Phyllis,CA
1191,Earnest,Curtis,CA
1192,Hatch,Katherine,CA
1193,Gregorich,Joseph,CA
1194,Shaw,Michael,CA
1196,Hofmann,John,CA
1197,Mannion,Kathy,CA
1198,Pitto,Mary,CA
1199,Dunn,George,CA
1200,Heaton,Staci,CA
1201,Sanders-Koepke,Dawn,CA
1202,McHugh,Gavin,CA
1203,McHugh,Shari,CA
1204,Yang,Mellonie,CA
1205,LaBahn,David,CA
1206,Filter,Gale,CA
1207,Drury,Richard,CA
1208,Gulesserian,Tanya,CA
1209,Enslow,Thomas,CA
1210,Cardozo,Daniel,CA
1211,Joseph,Marc,CA
1212,Veal-Hunter,Carolyn,CA
1213,Sloat,Kevin,CA
1214,Higgins,Maureen,CA
1215,Jensen,Kelly,CA
1216,Harvey,Andrea,CA
1217,Lucas,Robert,CA
1218,Cremins,Tim,CA
1219,Allen,Cynthia,CA
1220,Mulanix,Mitch,CA
1221,Meshar,Helyne,CA
1222,Khouri,Gus,CA
1223,Lightman,Jonathan,CA
1226,Barrow,Ronald,CA
1227,Bernacchi,Eddie,CA
1228,Pank,Karen,CA
