oid,name,city,stateHeadquartered
1,"The Messersmith Group",NULL,NULL
2,"Milberg Weiss Bershad Hynes & Lerach",NULL,NULL
4,"International Brotherhood Of Electrical Workers (Ibew) Local 569",NULL,NULL
6,"Sankyo Pharma",NULL,NULL
7,"American College Of Obstetricians And Gynecologists District Ix The",NULL,NULL
8,"California State Association Of Counties",NULL,NULL
9,"Associated General Contractors Of California",NULL,NULL
10,"California Association Of Harbor Masters And Port Captains",NULL,NULL
11,"California Marine Affairs And Navigation Conference",NULL,NULL
12,"Central California Chamber Alliance",NULL,NULL
13,"California Mining Association",NULL,NULL
14,"California Marine Parks And Harbors Association",NULL,NULL
15,"Lennox International Inc.",NULL,NULL
16,"Marina Recreation Association",NULL,NULL
17,"Nissan North America",NULL,NULL
18,"The First American Corporation",NULL,NULL
19,"Ncma Inc.",NULL,NULL
20,"Turlock Irrigation District",NULL,NULL
21,"Ust Public Affairs Inc.",NULL,NULL
22,"Western Boaters Safety Group",NULL,NULL
23,"Western Marine Association Inc.",NULL,NULL
24,"Planning And Conservation League",NULL,NULL
25,"California Newspaper Publishers Association",NULL,NULL
26,"United Farm Workers Of America Afl-Cio",NULL,NULL
27,"American Cancer Society California Division Inc.",NULL,NULL
28,"California Faculty Association",NULL,NULL
29,"Union Of American Physicians And Dentists",NULL,NULL
30,"Casino Morongo Of The Morongo Band Of Mission Indians",NULL,NULL
31,Pharmacia,NULL,NULL
32,"California Children'S Lobby The",NULL,NULL
33,3M,NULL,NULL
34,"Allen Group, The",NULL,NULL
35,"3M Traffic Control Materials Division",NULL,NULL
36,"Apple Valley, Town Of",NULL,NULL
37,"California Association Of Highway Patrolmen",NULL,NULL
38,"California Association Of Competitive Telecommunication Companies (Caltel)",NULL,NULL
39,"California Association Of Professional Scientists",NULL,NULL
40,"California Athletic Trainers Association",NULL,NULL
41,"Cdf Firefighters",NULL,NULL
42,"California Self Insurers' Security Fund",NULL,NULL
43,"American International Group Inc. And Its Subsidiaries",NULL,NULL
44,"California Rural Legal Assistance Foundation, Inc.",NULL,NULL
45,"Ford Motor Company",NULL,NULL
46,"Waste Management, Inc. & Affiliated Entities",NULL,NULL
47,"Clean Power Campaign",NULL,NULL
48,"Barona Band Of Mission Indians",NULL,NULL
49,"Council Of Uc Faculty Associations",NULL,NULL
50,"California Healthcare Association And Affiliated Entities",NULL,NULL
51,"S.C. Johnson & Son",NULL,NULL
52,Trw,NULL,NULL
53,"Pharmaceutical Research And Manufacturers Of America",NULL,NULL
54,Qwest,NULL,NULL
55,"California Association Of Small Employer Health Plans",NULL,NULL
56,"Insurance Brokers And Agents Of The West",NULL,NULL
57,"Liberty Mutual Group",NULL,NULL
58,"International Franchise Association (Ifa)",NULL,NULL
59,"Insurance Services Office, Inc.",NULL,NULL
60,"Insurance Agents And Brokers Legislative Council",NULL,NULL
61,"California Insurance Wholesalers Association (Ciwa)",NULL,NULL
62,"Driving School Association Of California Inc.",NULL,NULL
63,"American Heart Association",NULL,NULL
64,"Government Affairs Consulting",NULL,NULL
65,"California Squid Fishermen's Association",NULL,NULL
66,"California Nurses Association",NULL,NULL
67,"Protection And Advocacy Inc",NULL,NULL
68,"Alliance Of Automobile Manufacturers Inc.",NULL,NULL
69,"Automated Power Exchange",NULL,NULL
70,"Fpl Energy Inc.",NULL,NULL
71,"Kaiser Foundation Health Plan Inc.",NULL,NULL
73,"Pacific Gas & Electric Company",NULL,NULL
74,"Runyon Saltzman & Einhorn Inc.",NULL,NULL
75,"Stocker Resources LP A Limited Partnership By Stocker Resources Inc. General Partner",NULL,NULL
76,"Word & Brown",NULL,NULL
77,"Hotel Employees And Restaurant Employees International Union (Hereiu)",NULL,NULL
78,"Shapell Industries Inc.",NULL,NULL
79,"Viejas Band Of Kumeyaay Mission Indians",NULL,NULL
80,"Long-Term Care Pharmacy Alliance",NULL,NULL
82,"California Dvbe Alliance",NULL,NULL
83,"National Audubon Society",NULL,NULL
84,"Japan Government Of",NULL,NULL
85,"City Of Chula Vista",NULL,NULL
86,"Compline LLC",NULL,NULL
87,"Associated General Contractors-San Diego Chapter",NULL,NULL
88,"California Business Roundtable",NULL,NULL
89,"California Chamber Of Commerce",NULL,NULL
90,"Tejon Ranchcorp",NULL,NULL
91,"Ttx Company",NULL,NULL
92,"California Operators Association",NULL,NULL
93,"California Surety Federation",NULL,NULL
94,"Caterpillar Inc.",NULL,NULL
95,"Check Into Cash Inc.",NULL,NULL
96,"Check'N'Go Of California Inc.",NULL,NULL
97,Experian,NULL,NULL
98,Pactiv,NULL,NULL
99,"California State Council Of Service Employees E00789",NULL,NULL
100,"Vernon Property Association",NULL,NULL
101,"Cabazon Band Of Mission Indians",NULL,NULL
102,"City Of Pittsburg",NULL,NULL
103,"New York Mercantile Exchange",NULL,NULL
104,"Alliance Of Catholic Health Care Inc.",NULL,NULL
105,"Los Angeles County / District Attorney'S Office",NULL,NULL
106,"Association Of California Urban School Districts",NULL,NULL
107,"California Independent Public Employees Legislative Council Inc.",NULL,NULL
108,"Tahoe Sierra Board Of Realtorsinc.",NULL,NULL
109,"Alameda Corridor Transportation Authority",NULL,NULL
110,"County Health Executives Association Of California",NULL,NULL
111,"California Health Information Association",NULL,NULL
112,"California Employment Law Council",NULL,NULL
113,"Capitol Communications",NULL,NULL
114,"Berkeley Property Owners Association",NULL,NULL
115,"Santa Barbara Rental Property Association",NULL,NULL
116,"Computer Software Industry Association",NULL,NULL
117,"Internet Alliance",NULL,NULL
118,"California Children'S Hospital Association",NULL,NULL
119,"I-5 Consortium Cities Joint Powers Authority",NULL,NULL
120,"City Of Vallejo",NULL,NULL
121,"San Bernardino Associated Governments",NULL,NULL
122,"University Of Southern California The",NULL,NULL
123,"Town Of Colma",NULL,NULL
124,"City Of Burlingame",NULL,NULL
125,"Bay Area Addiction Research & Treatment, Inc./California Detoxification Programs, Inc.",NULL,NULL
126,"Clean Beaches Coalition",NULL,NULL
127,"California Dental Hygienists Association",NULL,NULL
128,"California Funeral Directors Association",NULL,NULL
129,"Hearst Corporation",NULL,NULL
130,"California School Nurses Organization",NULL,NULL
131,"County Welfare Directors Association Of California (Cwda)",NULL,NULL
132,"Housing California",NULL,NULL
133,"Test U",NULL,NULL
134,"California Continuing Care Residents Association",NULL,NULL
136,"The Enterprise Foundation",NULL,NULL
137,Youthbuild,NULL,NULL
138,"Association Of California Car Clubs",NULL,NULL
139,"California Automatic Vendors Council",NULL,NULL
140,"California Drug And Alcohol Testing Alliance",NULL,NULL
141,"California Dump Truck Owners Association",NULL,NULL
142,"California Financial Service Providers",NULL,NULL
143,"California Moving And Storage Association",NULL,NULL
144,"Carroll Shelby Enterprises Inc.",NULL,NULL
145,"Chg Safety Technologies",NULL,NULL
146,"Cities Of Contra Costa County",NULL,NULL
147,"California Optometric Association",NULL,NULL
148,"Conference Of Delegates Of California Bar Associations",NULL,NULL
149,"California Public Securities Association",NULL,NULL
151,"California Society For Clinical Social Work",NULL,NULL
152,"California Society Of Enrolled Agents",NULL,NULL
153,"Consumer Attorneys Of California",NULL,NULL
154,"California Society For Respiratory Care",NULL,NULL
155,"Coalition For Public Access",NULL,NULL
156,"Pro-Elite Senior Services",NULL,NULL
157,"Public Policy Advocates, LLC",NULL,NULL
158,"Surplus Line Association Of California, The",NULL,NULL
159,"Nationwide Insurance Enterprise",NULL,NULL
160,"City Of Berkeley Rent Stabilization Board",NULL,NULL
161,"Western Manufactured Housing Communities Association",NULL,NULL
163,"Communications Workers Of America Local 9509",NULL,NULL
164,"North County Transit District",NULL,NULL
165,"American Subcontractors Association-California",NULL,NULL
166,"California Aviation Business Association",NULL,NULL
167,"City Of Palm Springs",NULL,NULL
168,"O'Melveny & Myers LLP",NULL,NULL
169,"Orange County Children & Families Commission",NULL,NULL
170,"Regional Council Of Rural Counties (Rcrc) And Its Joint Powers Authorities",NULL,NULL
171,"Wareham Property Group",NULL,NULL
172,"The Nature Conservancy",NULL,NULL
173,"Malibucity Of",NULL,NULL
174,"Knauf Fiber Glass",NULL,NULL
175,"E & J Gallo Winery",NULL,NULL
176,"Microsoft Corporation",NULL,NULL
177,"Sierra Grain Terminal LLC",NULL,NULL
178,"Perkin Elmer Life Sciences",NULL,NULL
180,"Sng Development Company",NULL,NULL
181,"California Coalition For Rural Housing",NULL,NULL
182,"Local Initiative Support Corporation",NULL,NULL
183,"Corporation For Supportive Housing",NULL,NULL
184,"Rural Community Assistance Corporation",NULL,NULL
185,"Santa Monica Rent Control Board",NULL,NULL
186,"City Of West Hollywood Department Of Rent Stabilization And Housing",NULL,NULL
187,"Western Center On Law And Poverty Inc.",NULL,NULL
188,"United Parcel Service",NULL,NULL
189,"Target Corporation",NULL,NULL
190,"Personal Insurance Federation Of California",NULL,NULL
191,"Pebble Beach Company",NULL,NULL
192,Laaco,NULL,NULL
193,"National Association Of Computer Consultant Businesses",NULL,NULL
194,"California Applicants' Attorneys Association",NULL,NULL
195,"Akt Development Corporation",NULL,NULL
196,"Access Dental/Premier Life Insurance",NULL,NULL
197,"Alliance Of California Tribes",NULL,NULL
198,"California Academy Of Opthalmology",NULL,NULL
199,"California Alliance Of Boys & Girls Clubs, Inc.",NULL,NULL
200,"California Association Of Health Plans",NULL,NULL
201,"Headlands Reserve LLC",NULL,NULL
202,"Contra Costa County",NULL,NULL
203,"California Recreation Vehicle Dealers Association",NULL,NULL
204,"El Paso Corporation",NULL,NULL
205,"Transportation California",NULL,NULL
206,"Global Portable Buildings",NULL,NULL
207,"Contra Costa Transportation Authority",NULL,NULL
208,"Community Associations Institute/California Legislative Action Committee",NULL,NULL
209,"Santa Clara Valley Transportation Authority",NULL,NULL
210,"Irvine Company The",NULL,NULL
211,Pacificorp,NULL,NULL
212,"California Large Energy Consumers Association",NULL,NULL
213,"Milk Producers Council",NULL,NULL
214,"State Building & Construction Trades Council Of California",NULL,NULL
215,"City Of San Mateo",NULL,NULL
216,"City Of San Carlos",NULL,NULL
217,"California Speedway Corporation",NULL,NULL
218,"Equiva Services LLC",NULL,NULL
219,"National Academy Of Recording Arts And Sciences",NULL,NULL
220,"City Of Huntington Beach",NULL,NULL
221,"Calnet Neighborworks",NULL,NULL
223,"Wackenhut Corrections Corporation",NULL,NULL
224,"Port Of Oakland",NULL,NULL
225,"Playa Capitol Company LLC",NULL,NULL
226,"Association Of California Care Operators Inc - Acco",NULL,NULL
227,"Aids Healthcare Foundation",NULL,NULL
228,"California Rifle And Pistol Association, Inc.",NULL,NULL
229,Conocophillips,NULL,NULL
230,"California School Employees Association",NULL,NULL
231,"California Municipal Utilities Association",NULL,NULL
232,"Construction Industry Legislative Council",NULL,NULL
233,"California Pilots Pac",NULL,NULL
234,"Madera Disposal Systemsinc.",NULL,NULL
235,"Zanker Road Landfill",NULL,NULL
236,"Jewish Public Affairs Committee Of California",NULL,NULL
237,"California Correctional Supervisors Organization, Inc.",NULL,NULL
239,"Sacramento Area Council Of Governments",NULL,NULL
240,"Norwood & Associates",NULL,NULL
241,"Burlington Northern Santa Fe Railway Company",NULL,NULL
242,"California Federation Of Teachers",NULL,NULL
243,"Riverside County Sheriff'S Department",NULL,NULL
244,"Omni Loan Company, Ltd.",NULL,NULL
245,"Oberthur Gaming Technologies",NULL,NULL
246,"University Of California Student Association",NULL,NULL
247,"California Primary Care Association",NULL,NULL
248,"Distilled Spirits Council Of The United States",NULL,NULL
249,"Hollister Ranch Owners' Association",NULL,NULL
250,"Northland Cranberries, Inc.",NULL,NULL
251,"California National Organization For Women",NULL,NULL
252,"St. Agnes Medical Center",NULL,NULL
253,"California Forestry Association",NULL,NULL
255,"Delaware North Companies Inc.",NULL,NULL
256,"California Nurse Midwives Association",NULL,NULL
257,"Lytton Band Of Pomo Indians",NULL,NULL
259,"Hilmar Cheese Company",NULL,NULL
260,"Santa Ana Unified School District",NULL,NULL
261,"Pacific Life Insurance Company",NULL,NULL
262,"U.C. Committee Of Merced",NULL,NULL
263,"Cadiz Inc.",NULL,NULL
264,"City Of Clovis",NULL,NULL
265,"Dynegy Inc.",NULL,NULL
266,"Deposition Reporters Association Of California",NULL,NULL
268,"City Of Oakland",NULL,NULL
269,"Pacific Merchant Shipping Association",NULL,NULL
270,"The Prudential Insurance Company Of America",NULL,NULL
271,Sgi,NULL,NULL
273,"Specialty Equipment Market Association",NULL,NULL
274,"Natural Resources Defense Council",NULL,NULL
275,"Mt No. I LLC",NULL,NULL
276,"Computer Technology Industry Association",NULL,NULL
277,"Elevator Industry Work Preservation Fund",NULL,NULL
278,"California State Conference Of Branches Of Naacp",NULL,NULL
279,"Matson Navigation Company, Inc.",NULL,NULL
280,"Modesto, City Of",NULL,NULL
281,"Orange County Employees Association",NULL,NULL
282,"Catalina Marketing Corporation",NULL,NULL
283,"Calpine Corporation",NULL,NULL
284,"Farmers Group, Inc.",NULL,NULL
285,"Household (Aka Household International, Inc.)",NULL,NULL
286,"Pardee Homes",NULL,NULL
287,"Shea Homes",NULL,NULL
288,"Dmb San Juan Investment North, LLC",NULL,NULL
289,"Pfizer Inc.",NULL,NULL
290,"Valero Energy Corporation",NULL,NULL
291,"Western States Petroleum Association",NULL,NULL
292,"Merck & Co., Inc. Including Merck Human Health Division And Medco Health Solutions Inc. ('Medco Health') And Medco Cal",NULL,NULL
293,"1-800 Contacts, Inc.",NULL,NULL
294,"California Coalition Of Nurse Practitioners",NULL,NULL
295,"Hacienda La Puente Unified School District Adult Education Division",NULL,NULL
296,"Recording Artists Coalition",NULL,NULL
297,"CH2M Hill",NULL,NULL
298,"Santa Clara Government Attorneys Association",NULL,NULL
299,"Community Conservancy International",NULL,NULL
300,"Price Consulting",NULL,NULL
301,"California Retailers Association",NULL,NULL
302,"California Coalition On Workers' Compensation (Formerly CAs For Compensation Reform)",NULL,NULL
303,"California Association Of Health Facilities",NULL,NULL
305,"Ahmanson Land Company",NULL,NULL
306,"Pacific Telesis Group And It'S Subsidiaries",NULL,NULL
307,Gateway,NULL,NULL
309,"Sutter Health",NULL,NULL
310,"Caremark Rx. Inc. (Formerly Med Partners)",NULL,NULL
311,"Fireman's Fund Insurance Company",NULL,NULL
312,"Nestor Traffic Systems",NULL,NULL
313,"City Of Martinez",NULL,NULL
314,"Addus Healthcare, Inc.",NULL,NULL
315,"Air Transport Association Of America",NULL,NULL
316,"Alara, Inc.",NULL,NULL
319,"California Professional Firefighters",NULL,NULL
320,"California Association Of Rehabilitation & Reemployment Professionals",NULL,NULL
321,"Cec Entertainment, Inc.",NULL,NULL
322,"Cisco Systems",NULL,NULL
323,"City National Bank",NULL,NULL
324,"Tustin, City Of",NULL,NULL
325,"Inland Empire Utilities Agency",NULL,NULL
326,Tamco,NULL,NULL
327,"Southern California Regional Rail Authority",NULL,NULL
328,"Resource Landowners Coalition",NULL,NULL
329,"San Diego Metropolitan Transit Development Board",NULL,NULL
330,"California Land Title Association",NULL,NULL
331,"City Of Hayward",NULL,NULL
332,"The Newhall Land & Farming Company",NULL,NULL
333,"San Joaquin Council Of Governments",NULL,NULL
334,"California Earthquake Authority",NULL,NULL
335,"City Of Redwood",NULL,NULL
336,"The Procter & Gamble Distributing Company",NULL,NULL
337,"Aids Project Los Angeles",NULL,NULL
339,"Thoroughbred Owners Of California",NULL,NULL
340,"Los Angeles Turf Club At Santa Anita",NULL,NULL
341,"Del Mar Thoroughbred Club",NULL,NULL
342,"Oak Tree Racing Association",NULL,NULL
343,"Entergy Nuclear",NULL,NULL
344,"Lennar Communities",NULL,NULL
345,"Brillstein-Grey Management",NULL,NULL
346,"The Airport Working Group Of Orange County Inc.",NULL,NULL
347,"California Prosecutors Association",NULL,NULL
349,"Working Rx",NULL,NULL
350,"VeriSign Inc.",NULL,NULL
351,"CALTIA/California Travel Industry Association",NULL,NULL
352,"San Diego Unified Port District",NULL,NULL
353,"Vernon, City Of",NULL,NULL
354,"Consulting Engineers And Land Surveyors Of California, Including Infrastructure Delivery Council, A Division Thereof",NULL,NULL
355,"Cooperative Of American Physicians/Mutual Protection Trust",NULL,NULL
356,"Costco Wholesale Corporation",NULL,NULL
357,"County Of San Diego",NULL,NULL
358,"Directors Guild Of America, Inc.",NULL,NULL
359,"Dollar Financial Group",NULL,NULL
360,"Eastwest Bank",NULL,NULL
361,Edvoice,NULL,NULL
362,"Fannie Mae",NULL,NULL
363,"Genentech, Inc.",NULL,NULL
365,"Lexmark International, Inc.",NULL,NULL
366,"Los Angeles County Metropolitan Transportation Authority",NULL,NULL
367,"Mandalay Resort Group",NULL,NULL
368,"Marin, County Of",NULL,NULL
370,"Universal Care",NULL,NULL
371,"Automobile Club Of Southern California/Interinsurance Exchange Of The Automobile Club/Acsc Management Services Inc.",NULL,NULL
372,"California Alliance For Pride & Equality (Cape)",NULL,NULL
373,"The McGraw-Hill Companies, Inc., School Education Group",NULL,NULL
374,"California Futures Network",NULL,NULL
375,"California Aquaculture Association (Caa)",NULL,NULL
376,"Bankamerica Corporation/Bank Of America Nt&Sa",NULL,NULL
377,"City Of Santee",NULL,NULL
378,"California Association Of Local Housing Finance Agencies",NULL,NULL
379,"California Housing Authorities Association",NULL,NULL
380,"Urban Counties Caucus",NULL,NULL
381,"California Public Interest Research Group (Calpirg)",NULL,NULL
382,"Committee On Moral Concerns",NULL,NULL
383,"National Council Of La Raza",NULL,NULL
384,"Professional Engineers In California Government",NULL,NULL
385,"Mbia Insurance Corporation",NULL,NULL
386,"Merrill Lynch & Co., Inc. And Its Subsidiaries",NULL,NULL
387,"Motion Picture Association Of America",NULL,NULL
388,"Nestle Usa, Inc.",NULL,NULL
389,"Oracle Corporation",NULL,NULL
390,"Nielsen, Merksamer, Parrinello, Mueller & Naylor, LLP",NULL,NULL
391,"Orange County Fire Authority",NULL,NULL
392,"Perot Systems Corporation",NULL,NULL
393,"Philip Morris Incorporated By Its Service Corporation Philip Morris Management Corp.",NULL,NULL
394,"Philips Lighting Company",NULL,NULL
395,"R.J. Reynolds Tobacco Company",NULL,NULL
396,Schlumberger,NULL,NULL
397,"Stewart Title Guaranty Company",NULL,NULL
398,"T-Mobile Usa, Inc",NULL,NULL
399,"Merck & Co. Inc.; Merck Human Health Division; Merck Medco Managed Care; Medco Cal",NULL,NULL
400,"21St Century Insurance Group",NULL,NULL
401,"California Hiv/Aids Advocacy Coalition Southern California Chapter",NULL,NULL
402,"El Morro Community Association",NULL,NULL
403,"Western Health Advantage",NULL,NULL
404,"Auto Nation",NULL,NULL
405,"24 Hour Fitness",NULL,NULL
406,"Good Samaritan Hospital",NULL,NULL
407,"California Commerce Club",NULL,NULL
408,Gtech,NULL,NULL
409,"California Association For Local Economic Development",NULL,NULL
410,"Oakland Unified School District",NULL,NULL
411,"Alameda-Contra Costa Transit District",NULL,NULL
412,"California Independent Grocers And Convenience Stores",NULL,NULL
413,"Orrick Herrington & Sutcliffe LLP",NULL,NULL
414,"County Of Del Norte",NULL,NULL
415,"Investment Company Institute",NULL,NULL
416,"Morgan Stanley Dean Witter & Company And Its Subsidiary Dean Witter Reynolds",NULL,NULL
417,"Securities Industry Association",NULL,NULL
418,"National Association Of Securities Dealers (Nasdaq)",NULL,NULL
419,"HemaCare Corporation",NULL,NULL
420,"Peace Officers Research Association Of California",NULL,NULL
421,"Questar Regulated Services",NULL,NULL
422,"Retired Public Employees Association",NULL,NULL
423,"Redlands, City Of",NULL,NULL
424,"Southern California Marine Association",NULL,NULL
425,"San Francisco Police Officers Association",NULL,NULL
426,"Shield Health Care",NULL,NULL
427,"San Bernardino County Safety Employees Association",NULL,NULL
428,"California Steel Industries Inc.",NULL,NULL
429,"Magna Entertainment Corp. And Its Affiliated Entities",NULL,NULL
430,"Small Ventures U.S.A., LLC",NULL,NULL
431,"United Services Automobile Association (Usaa)",NULL,NULL
432,"Constellation Energy Group",NULL,NULL
433,"California State Council Of Laborers",NULL,NULL
434,"Washington Mutual",NULL,NULL
435,"Western Hub Properties, L.L.C.",NULL,NULL
436,"Zions Bancorporation",NULL,NULL
437,"Brown & Williamson Tobacco Corporation",NULL,NULL
438,"San Bernardino, County Of",NULL,NULL
439,"Association Of Regional Center Agencies",NULL,NULL
440,"Blood Centers Of California",NULL,NULL
441,"California Physical Therapy Association",NULL,NULL
442,"California Council Of The Alzheimer'S Association",NULL,NULL
443,Noveon,NULL,NULL
444,"St. Anne'S",NULL,NULL
445,"La Inc. The Convention & Visitors Bureau",NULL,NULL
446,"Public Health Institute",NULL,NULL
447,"Los Angeles County - Chief Administrative Office",NULL,NULL
448,"Lend Lease Development",NULL,NULL
449,"American Federation Of State County And Municipal Employees Afl-Cio",NULL,NULL
450,"California State Automobile Association And California State Automobile Association Inter-Insurance Bureau",NULL,NULL
451,"Association Of California School Administrators",NULL,NULL
452,"Gabriel R. Roberson & Associates",NULL,NULL
453,"ChevronTexaco Corporation And Its Subsidiaries",NULL,NULL
454,"Geosyntec Consultants",NULL,NULL
455,"Imc Chemicals Inc.",NULL,NULL
456,"El Dorado County Transportation Commission",NULL,NULL
458,"Apartment Association California Southern Cities",NULL,NULL
459,"California Housing Council Inc.",NULL,NULL
460,"Long Beach Unified School District",NULL,NULL
461,"Environmental Defense Fund",NULL,NULL
462,"California Date Commission",NULL,NULL
463,"California Forest Products Commission",NULL,NULL
464,"California Grape & Tree Fruit League",NULL,NULL
465,"Fisher Scientific Company, L.L.C.",NULL,NULL
467,"American Land Conservancy",NULL,NULL
468,At&T,NULL,NULL
469,"Ibm Corporation",NULL,NULL
470,"Mutual Benefits Corporation",NULL,NULL
472,"Agua Dulce Vineyards LLC",NULL,NULL
473,"The Chadmar Group",NULL,NULL
474,"Aquarium Of The Pacific",NULL,NULL
475,"Association Of Bay Area Governments",NULL,NULL
476,"Bob Hope Airport",NULL,NULL
477,"California Association Of Bioanalysts",NULL,NULL
478,"California Clinical Laboratory Association",NULL,NULL
479,"California Dialysis Council",NULL,NULL
480,"California Investor'S Mutual",NULL,NULL
481,"Escondido City Of",NULL,NULL
482,"Long Beachcity Of",NULL,NULL
483,"Long Beach Water Department",NULL,NULL
485,"Redondo Beach City Of",NULL,NULL
486,"Medical Transcription Industry Alliance",NULL,NULL
487,"American Resort Development Association",NULL,NULL
488,"California Wood Industries Coalition",NULL,NULL
489,"Indoor Tanning Association",NULL,NULL
490,"San Ramon Unified School District",NULL,NULL
491,"Santa Monica Community College District",NULL,NULL
492,"American Civil Liberties Union Foundation Of Southern California",NULL,NULL
493,"Bay Meadows Land Company",NULL,NULL
494,"St. Paul Fire Travelers Companies Inc. & Affiliates",NULL,NULL
495,"Reliant Energy Inc.",NULL,NULL
496,"South Coast Air Quality Management District",NULL,NULL
497,"Clorox Company The",NULL,NULL
498,"Gillette Company The",NULL,NULL
499,"The Sherwin-Williams Company",NULL,NULL
500,"California Chapter American College Of Emergency Physicians",NULL,NULL
501,"FedEx Corporation",NULL,NULL
502,"Fresno County Transportation Authority",NULL,NULL
504,"Visa U.S.A. Inc.",NULL,NULL
505,"Western Plant Health Association",NULL,NULL
506,"Merced Union High School District",NULL,NULL
507,"Association Of Independent California Colleges & Universities (Aiccu)",NULL,NULL
508,"Food & Beverage Association Of San Diego County",NULL,NULL
509,"California Food Policy Advocates",NULL,NULL
510,"California Family Health Council Inc.",NULL,NULL
511,"San Manuel Band Of Mission Indians",NULL,NULL
512,"Santa Ynez Band Of Chumash Indians",NULL,NULL
513,"Tule River Tribe",NULL,NULL
514,"Washoe Tribe Of Nevada & California",NULL,NULL
515,"Soboba Band Of Mission Indians",NULL,NULL
516,"Muse Cordero Chen & Partners",NULL,NULL
517,"Victorian Care Medical Group Inc.",NULL,NULL
518,"California Emergency Foodlink",NULL,NULL
519,"Santa Rosa City Schools",NULL,NULL
520,"Schools For Sound Finance",NULL,NULL
521,"Simi Valley Unified School District",NULL,NULL
522,"State Center Community College District",NULL,NULL
523,"Torrance Unified School District",NULL,NULL
524,"Walnut Valley Unified School District",NULL,NULL
525,"Venture Catalyst Incorporated",NULL,NULL
526,"West Contra Costa Unified School District",NULL,NULL
527,"Health Officers Association Of California",NULL,NULL
528,"Aventis Pharmaceuticals, Inc.",NULL,NULL
529,"Agricultural Council Of California",NULL,NULL
530,"Brightstar Environmental, LLC",NULL,NULL
531,"Beverly Enterprises, Inc.",NULL,NULL
532,"California Association Of College Stores",NULL,NULL
533,"California Automotive Wholesalers' Association",NULL,NULL
534,"California Society Of Dermatology & Dermatological Surgery",NULL,NULL
535,"City Of Coachella",NULL,NULL
536,"Community Health Group",NULL,NULL
537,GlaxoSmithKline,NULL,NULL
538,"Grant Joint Union High School District",NULL,NULL
539,"Progressive Insurance",NULL,NULL
540,"AstraZeneca Pharmaceuticals LP",NULL,NULL
541,"Purdue Pharma L.P.",NULL,NULL
542,"California Association Of State Hospital Parent Councils For The Retarded (Cash/Pcr)",NULL,NULL
544,"Verizon Wireless",NULL,NULL
545,"Amador Regional Sanitation Authority",NULL,NULL
546,"County Of Amador",NULL,NULL
547,"San Mateo County-City/County Association Of Governments",NULL,NULL
548,"League Of Women Voters Of California",NULL,NULL
549,"California Network Of Educational Charters (Canec)",NULL,NULL
550,"Los Angeles, City Of",NULL,NULL
551,"Cellular Telecommunications & Internet Association",NULL,NULL
552,"Advantage Capital Partners",NULL,NULL
553,"SureDeposit, Inc., Including SureDeposit Bond Insurance Agency LLC",NULL,NULL
555,"Medco Health Solutions, Inc.",NULL,NULL
556,"Three Valleys Municipal Water District",NULL,NULL
557,"Webmd Corporation",NULL,NULL
558,"Call America",NULL,NULL
559,"Icg Telecom Group",NULL,NULL
560,"California Business Alliance",NULL,NULL
561,"Sage Telecom",NULL,NULL
562,"Tmc Communications",NULL,NULL
563,"Rubber Manufacturers Association",NULL,NULL
564,"Transamerica Corporation",NULL,NULL
565,"The Redevelopment Agency Of The City Of Santa Barbara",NULL,NULL
566,"Kaiser Eagle Mountain LLC",NULL,NULL
567,"Los Angeles County Of",NULL,NULL
568,"California Cement Promotion Council",NULL,NULL
569,"California Concrete Contractors Association",NULL,NULL
570,"California Park & Recreation Society",NULL,NULL
571,"Cemex California Cement LLC",NULL,NULL
572,"Affinity Group, Inc.",NULL,NULL
573,"Desert Hot Springs City Of",NULL,NULL
574,"Manning, Selvage & Lee, Public Relations",NULL,NULL
575,"Phoenix Houses Of California",NULL,NULL
576,"Schering-Plough External Affairs",NULL,NULL
577,"Vision Service Plan",NULL,NULL
578,"California Federation Of Republican Women",NULL,NULL
579,"California Association Of Portable X-Ray Providers",NULL,NULL
582,"California Association Of Health Underwriters",NULL,NULL
583,"County Of Los Angeles District Attorney'S Office",NULL,NULL
584,"California Association Of Dental Assisting Teachers",NULL,NULL
585,"California Dental Assistants Association",NULL,NULL
586,"Crestwood Behavioral Health Inc.",NULL,NULL
587,"Association Of California Community College Administrators",NULL,NULL
588,"Alhambra School District",NULL,NULL
589,"California Interscholastic Federation",NULL,NULL
590,"California Association Of School Business Officials",NULL,NULL
591,"Castaic Union School District",NULL,NULL
592,"Clovis Unified School District",NULL,NULL
593,"Corona Norco Unified School District",NULL,NULL
594,"Cupertino Union School District",NULL,NULL
595,"Bay Area Rapid Transit District (Bart)",NULL,NULL
596,"Schnitzer Steel Products Company",NULL,NULL
597,"Sacramento Metropolitan Air Quality Management District",NULL,NULL
598,"Simpson Resource Company And Affiliates, Including Simpson Investment Company",NULL,NULL
599,"Intel Corporation",NULL,NULL
600,"Amazon.Com Inc.",NULL,NULL
601,"Wyeth Pharmaceuticals",NULL,NULL
602,"Cellular Carriers Association Of Ca",NULL,NULL
603,"Mercury General Corporation And Its Subsidiaries",NULL,NULL
604,"American Agents Alliance",NULL,NULL
605,"Sycuan Band Of The Kumeyaay Nation",NULL,NULL
606,"The Sierra Fund",NULL,NULL
607,"3M Security Systems Division",NULL,NULL
608,"County Of Los Angeles",NULL,NULL
609,"Comprehensive Outpatient Surgery Center",NULL,NULL
610,"California Association Of Licensed Repossessors",NULL,NULL
611,"California Society Of Industrial Medicine And Surgery",NULL,NULL
612,"S & B Surgery Center",NULL,NULL
613,"Visionquest Industries Inc. Dba Vq Orthocare",NULL,NULL
614,"Pacific Coast Quarter Horse Racing Association",NULL,NULL
615,"Ray Cammack Shows Inc.",NULL,NULL
616,"Beneto Inc.",NULL,NULL
617,"County Of Stanislaus",NULL,NULL
618,"Western Insurance Administrators, Inc.",NULL,NULL
619,"Bastyr University",NULL,NULL
620,"National Association Of Computer Consultant Businesses - Southern California Chapter",NULL,NULL
621,"American Land Title Association",NULL,NULL
622,"Mitsubishi Cement Corporation",NULL,NULL
623,"National Cement Company Of California",NULL,NULL
624,"North Lake Tahoe Resort Association",NULL,NULL
625,"Biodegradable Products Institute",NULL,NULL
626,"U.S. Borax Inc.",NULL,NULL
627,"Lehigh Southwest Cement Company",NULL,NULL
628,"North Tahoe Fire Protection District",NULL,NULL
629,"California Portland Cement Company",NULL,NULL
630,"Hanson Permanente Cement",NULL,NULL
631,"Stockton Department Of Parks And Recreation City Of",NULL,NULL
632,"Construction Materials Association Of California (Cmac)",NULL,NULL
633,"Placercounty Of",NULL,NULL
634,"Deft Inc.",NULL,NULL
635,"East Bay Regional Park District",NULL,NULL
636,"Kensington Police Protection And Community Services District",NULL,NULL
637,"National Steel & Shipbuilding Company",NULL,NULL
638,"Rmc Pacific Materials",NULL,NULL
639,"International Council Of Cruise Lines",NULL,NULL
640,"Deputy Sheriffs' Association Of Alameda County",NULL,NULL
641,"Los Angeles To Pasadena Metro Blue Line Construction Authority",NULL,NULL
642,"R.C.N. Ranch (Wholly Owned Subsidiary Of R. Cevasco Nursery Inc.)",NULL,NULL
643,"Artesia City Of",NULL,NULL
644,"California Association Of Auto Brokers",NULL,NULL
645,"California School Transportation Association",NULL,NULL
646,Lumetra,NULL,NULL
647,"Watereuse Foundation",NULL,NULL
648,"West Coast Power LLC",NULL,NULL
649,"Nighthawk Radiology Services LLC",NULL,NULL
650,"Education Mandated Cost Network (Emcn)",NULL,NULL
651,WellspringRX,NULL,NULL
652,Honeywell,NULL,NULL
653,"Huntington Park City Of",NULL,NULL
654,"Equal Access Auto Lending Of California, Inc.",NULL,NULL
655,"Stallion Springs Community Services District",NULL,NULL
656,"Tahoe City Public Utility District",NULL,NULL
657,"Southgate Recreation & Park District",NULL,NULL
658,"Bear Valley Community Services District",NULL,NULL
659,"Fresno Unified School District",NULL,NULL
660,"Houghton Mifflin",NULL,NULL
661,"Irvine Unified School District",NULL,NULL
662,"Kern County Superintendent",NULL,NULL
663,"Lodi Unified School District",NULL,NULL
664,"Metropolitan Education District",NULL,NULL
665,"Merced City School District",NULL,NULL
666,"Newhall Elementary School District",NULL,NULL
667,"Orange County Department Of Education",NULL,NULL
668,"Oxnard Union High School District",NULL,NULL
669,"Palo Verde Community College District",NULL,NULL
670,"Phase Ii Systems",NULL,NULL
671,"California Apartment Association",NULL,NULL
672,"Riverside Publishing Company",NULL,NULL
673,"Kimberly-Clark Corp.",NULL,NULL
674,"Association Of Retired Teachers",NULL,NULL
675,"California Association Of Councils Of Governments",NULL,NULL
676,"City Of Ontario",NULL,NULL
677,"Los Angeles County Fair Association",NULL,NULL
678,"Los Angeles County Office Of Education",NULL,NULL
679,"Montclair City Of",NULL,NULL
680,"Rialto City Of",NULL,NULL
681,"Oxnardcity Of",NULL,NULL
682,"California Mortgage Association",NULL,NULL
683,"Hanson Aggregates Mid-Pacific Inc. And Affiliates",NULL,NULL
684,"City Of Daly City",NULL,NULL
685,"City Of Industry",NULL,NULL
686,"Durham Transportation Inc. (Dba Durham School Services)",NULL,NULL
687,"American Airlines",NULL,NULL
688,"Caliber Collision Centers",NULL,NULL
689,"California Chapter American College Of Cardiology",NULL,NULL
690,"Yucaipa, City Of",NULL,NULL
691,"National Aerosol Association",NULL,NULL
692,"California Occupational Medicine Physicians",NULL,NULL
693,"California School Food Services Association",NULL,NULL
694,"Penny-Newman Milling Company LLC",NULL,NULL
695,"Irvine Ranch Water District",NULL,NULL
696,"The Cosmetic, Toiletry And Fragrance Association",NULL,NULL
697,"Gregory Canyon, Ltd, LLC",NULL,NULL
698,"International Union Of Elevator Constructors Local 8",NULL,NULL
699,"International Union Of Elevator Constructors Local 18",NULL,NULL
700,"Association Of American Publishers",NULL,NULL
701,"California Farm Bureau Federation",NULL,NULL
702,"Capistrano Unified School District",NULL,NULL
703,"California Cotton Growers Association",NULL,NULL
704,"Association For Los Angeles Deputy Sheriffs",NULL,NULL
705,"Alliance Of Western Milk Producers Inc.",NULL,NULL
706,"California Agricultural Aircraft Association",NULL,NULL
707,"California Cable & Telecommunications Association",NULL,NULL
708,"California Auto Dismantlers And Recyclers Alliance",NULL,NULL
709,"Blue Shield Of California",NULL,NULL
710,"Western Dental Services, Inc.",NULL,NULL
711,"California Cotton Ginners Association",NULL,NULL
712,"Tahoe Truckee Unified School District",NULL,NULL
713,"Texas Industries Inc. (Txi)",NULL,NULL
714,"California Cogeneration Council",NULL,NULL
715,"Los Angeles County District Attorney'S Office",NULL,NULL
716,Samcorp,NULL,NULL
717,"Dewey Square Group",NULL,NULL
718,"Ace Guaranty Corporation",NULL,NULL
719,"Norcal Mutual Insurance Company",NULL,NULL
720,"Electric And Gas Industries Association",NULL,NULL
722,"Option One Mortgage Corporation",NULL,NULL
723,"Riversidecity Of",NULL,NULL
724,"Riversidecounty Of",NULL,NULL
725,"San Mateo County Transit District",NULL,NULL
727,"Tidelands Oil Production Company",NULL,NULL
728,"Imperial County Office Of Education",NULL,NULL
729,"Los Angeles County Lifeguard Association",NULL,NULL
730,"Aetna, Inc.",NULL,NULL
731,"California Council Of Community Mental Health Agencies",NULL,NULL
732,"Mental Health Association In California",NULL,NULL
733,"San Diego County Sheriff'S Department",NULL,NULL
734,"Marc Brown & Associates",NULL,NULL
735,"California Association Of Resource Conservation Districts",NULL,NULL
736,"Los Angeles Police Protective League",NULL,NULL
737,"Los Angeles Probation Unionafscmelocal 685",NULL,NULL
738,"Riverside Sheriffs' Association",NULL,NULL
739,"California Apple Commission",NULL,NULL
740,"Western Propane Gas Association",NULL,NULL
741,"California Asparagus Commission",NULL,NULL
742,"Riley & Reiner",NULL,NULL
743,"California Peace Officers Association",NULL,NULL
744,"California Association Of Nurseries And Garden Centers",NULL,NULL
745,"California Police Chiefs Association",NULL,NULL
746,"California Narcotic Officers' Association",NULL,NULL
747,"California Restaurant Association",NULL,NULL
748,"Golden State Builders Exchanges",NULL,NULL
749,"California Cast Metals Association",NULL,NULL
750,"Landmark Healthcare",NULL,NULL
751,"Pacific High School, Inc.",NULL,NULL
752,"Pet Industry Joint Advisory Council",NULL,NULL
753,"Romoland School District",NULL,NULL
754,"San Joaquin County Office Of Education",NULL,NULL
755,AARP,NULL,NULL
756,"Washington Township Health Care District",NULL,NULL
757,"Consumer Specialty Products Association",NULL,NULL
758,"California Poison Control System",NULL,NULL
759,"California Society Of Plastic Surgeons",NULL,NULL
760,"Grossmont Healthcare District",NULL,NULL
761,"Medtronic Sofamor Danek Usa",NULL,NULL
762,"Maloof Sports & Entertainment",NULL,NULL
763,"Western United Dairymen",NULL,NULL
764,"California Association Of Psychiatric Technicians",NULL,NULL
765,"Western Association Of Venture Capitalists",NULL,NULL
766,"The Nasdaq Stock Market",NULL,NULL
767,"California Association Of Naturopathic Physicians",NULL,NULL
768,"Ck And Associates",NULL,NULL
769,"Nutritional Products Inc.",NULL,NULL
770,"Chief Probation Officers Of California",NULL,NULL
771,"California Authority Of Racing Fairs",NULL,NULL
772,"California Avocado Commission",NULL,NULL
773,"California Citrus Mutual",NULL,NULL
774,"California Taxpayers' Association",NULL,NULL
775,"California Public Parking Association",NULL,NULL
776,"California Cut Flower Commission",NULL,NULL
777,"California Air Pollution Control Officers' Association",NULL,NULL
779,"Central Delta Water Agency",NULL,NULL
780,"United Laguna Hills Mutual",NULL,NULL
781,"Third Laguna Hills Mutual",NULL,NULL
782,"Laguna Woods Mutual No. 50",NULL,NULL
783,"Southern California Association Of Governments",NULL,NULL
784,BearingPoint,NULL,NULL
785,Cleanstreet,NULL,NULL
786,"Aristotle International, Inc.",NULL,NULL
787,"California Amusement Park Association, Inc.",NULL,NULL
788,"Cabrillo Power I LLC",NULL,NULL
789,"Holtville Unified School District",NULL,NULL
790,"Kern Union High School District",NULL,NULL
791,"King City Union Elementary School District",NULL,NULL
792,"Lennox Elementary School District",NULL,NULL
793,"Los Banos Unified School District",NULL,NULL
794,"California Chapters-Institute Of Scrap Recycling Industries",NULL,NULL
795,"Fnc Medical Corporation",NULL,NULL
796,"Medical Insurance Exchange Of California",NULL,NULL
797,"Scpie Companies, The",NULL,NULL
799,"Brokers International Ltd",NULL,NULL
800,"Johnson & Johnson Services, Inc.",NULL,NULL
801,"California Coalition Of Travel Organizations",NULL,NULL
802,"Recreational Boaters Of California",NULL,NULL
803,"Simi Group",NULL,NULL
804,"Faculty Society At Harbor-Ucla Medical Center",NULL,NULL
805,"California Association Of Interlock Service Providers",NULL,NULL
806,"Granite Construction Inc.",NULL,NULL
807,"Association Of California Healthcare Districts (Achd)",NULL,NULL
808,"The Metropolitan Water District Of Southern California",NULL,NULL
809,"International Health, Racquet & Sportsclub Association",NULL,NULL
810,Ncr,NULL,NULL
811,"Qualcomm, Inc.",NULL,NULL
812,"Quest Diagnostics Incorporated",NULL,NULL
813,"California County Superintendents Educational Services Association",NULL,NULL
814,"Apartment Association Of Orange County",NULL,NULL
815,"Humboldt County Office Of Education",NULL,NULL
816,"Sonoma County Office Of Education",NULL,NULL
817,"Investec Real Estate",NULL,NULL
818,"Lorillard Tobacco Company",NULL,NULL
819,"California Medical Association, Inc.",NULL,NULL
820,"California Association Of Addiction Recovery Resources",NULL,NULL
821,"American Staffing Association",NULL,NULL
822,"Artichoke Joe'S, Inc.",NULL,NULL
823,"Association Of Woodworking & Furnishings Suppliers",NULL,NULL
824,"Palmdale Summit",NULL,NULL
825,"Caithness Energy L.L.C.",NULL,NULL
826,"Engineering Contractors' Association",NULL,NULL
827,"California Fence Contractors Association",NULL,NULL
828,"Acclamation Insurance Services Inc.",NULL,NULL
829,"License Instruction Schools",NULL,NULL
830,"Independent Waste Oil Collectors And Transporters",NULL,NULL
831,"Pinnacle Entertainmentinc.",NULL,NULL
832,"Coalition For Interior Design Accountability (Cida)",NULL,NULL
833,"California Pepper Commission",NULL,NULL
834,"Collateral Loan & Secondhand Dealers Association",NULL,NULL
835,"American Academy Of Pediatrics California District IX",NULL,NULL
836,"California Association Of Medical Product Suppliers",NULL,NULL
837,"Universal Paragon Corporation",NULL,NULL
838,"Riverside Community College District",NULL,NULL
839,"Inyo County Office Of Education",NULL,NULL
840,"Lake County Office Of Education",NULL,NULL
841,"Mendocino County Office Of Education",NULL,NULL
842,"Duraflame Inc.",NULL,NULL
843,"Whirlpool Corporation",NULL,NULL
844,"Coalition For Injured Workers",NULL,NULL
845,"Barstow, City Of",NULL,NULL
846,"California Alarm Association",NULL,NULL
847,"California Mobilehome Parkowners Alliance",NULL,NULL
848,"California Staffing Professionals (Csp)",NULL,NULL
849,"California State Association Of Public Administrators, Public Guardians, And Public Conservators",NULL,NULL
850,"California Travel Parks Association",NULL,NULL
851,"California Speech-Language-Hearing Association",NULL,NULL
852,"California Bus Association",NULL,NULL
853,"California Refuse Removal Council-Northern District (Crrc)",NULL,NULL
854,"Metam Sodium Task Force",NULL,NULL
855,"Western Fairs Association",NULL,NULL
856,"Rancho Santa Fe School District",NULL,NULL
857,"San Dieguito Union School District",NULL,NULL
858,"Santa Paula Elementary School District",NULL,NULL
859,"Saugus Union School District",NULL,NULL
860,"School Facility Manufacturers' Association",NULL,NULL
861,"Small School Districts Association",NULL,NULL
863,"Sacramento City Unified School District",NULL,NULL
864,"California Association Of Alcoholism And Drug Abuse Counselors",NULL,NULL
865,"Sweetwater Union High School District",NULL,NULL
866,"California Orthotics & Prosthetics Association",NULL,NULL
867,"Fitness Management Corporation",NULL,NULL
868,"Glendora, City Of",NULL,NULL
869,"Blue Cross Of California (A Subsidiary Of Wellpoint Health Networks, Inc.)",NULL,NULL
870,"Association Of Home Appliance Manufacturers",NULL,NULL
872,"Cudahy City Of",NULL,NULL
873,"California Bag And Film Alliance",NULL,NULL
874,"California Film Extruders & Converters Association",NULL,NULL
875,"Flexible Packaging Association",NULL,NULL
876,"Forensic Expert Witness Association",NULL,NULL
877,"California Association Of Homes And Services For The Aging",NULL,NULL
878,"California Broadcasters Association",NULL,NULL
879,"California Hospice & Palliative Care Association",NULL,NULL
880,"California Pharmacists Association",NULL,NULL
881,"California Rehabilitation Association",NULL,NULL
882,"HealthSouth, Inc.",NULL,NULL
883,"Visiontek, Inc.",NULL,NULL
884,"Wintec Energy Ltd",NULL,NULL
885,"Occidental Petroleum Corporation And Subsidiaries",NULL,NULL
886,"California Manufactured Housing Institute",NULL,NULL
887,"California Podiatric Medical Association",NULL,NULL
888,"Californians For Ferret Legalization",NULL,NULL
889,"Plastering Contractors Association Of Southern California",NULL,NULL
890,"Society Of Plastics Industry",NULL,NULL
891,"Western Home Furnishings Association",NULL,NULL
892,"Maywoodcity Of",NULL,NULL
893,"Commerce/Commerce Community Development Commission City Of",NULL,NULL
894,"California Healthcare Institute (Chi)",NULL,NULL
895,"American Para Professional Systems",NULL,NULL
896,"California Animal Association",NULL,NULL
897,"Coalition For Quality Credit Counseling (Cqcc)",NULL,NULL
898,"Consumer Electronics Association (Cea)",NULL,NULL
899,"Electronic Industries Alliance (Eia)",NULL,NULL
900,"Golden State Donor Services",NULL,NULL
901,"Honda North America Inc.",NULL,NULL
902,"Skyles Insurance Agency",NULL,NULL
903,"Marin Builders' Exchange",NULL,NULL
904,"Flasher Barricade Association",NULL,NULL
905,"California Building Industry Association",NULL,NULL
906,"Dairy Institute Of California",NULL,NULL
907,"Avid Center",NULL,NULL
908,"California Rice Commission",NULL,NULL
909,"California Nevada Soft Drink Association",NULL,NULL
910,"California Sheep Commission",NULL,NULL
911,"Duarte, City Of",NULL,NULL
912,"Computer Sciences Corporation",NULL,NULL
913,"Industry Urban-Development Agency",NULL,NULL
914,"Laguna Hills, City Of",NULL,NULL
915,"Hlr - Services",NULL,NULL
916,Caloptima,NULL,NULL
917,"Delta Wetlands ",NULL,NULL
918,"Glass Packaging Institute",NULL,NULL
919,"Hearth Patio & Barbecue Association Pacific",NULL,NULL
920,"Homeguard Incorporated",NULL,NULL
921,"Pihra - Professionals In Human Resources Association",NULL,NULL
922,"California Alliance Of Child And Family Services",NULL,NULL
923,"Metal Finishing Association Of Southern California",NULL,NULL
924,"California Radiological Society",NULL,NULL
925,"California Society Of Pathologists",NULL,NULL
926,"California Strawberry Commission",NULL,NULL
927,"California Tomato Commission",NULL,NULL
928,"Carmax Auto Superstores West Coast Inc.",NULL,NULL
929,"Croplife America",NULL,NULL
930,"California Official Court Reporters Association",NULL,NULL
931,"Will Rogers Polo Club",NULL,NULL
932,"California Tax Reform Association",NULL,NULL
933,"Family Service Council Of California",NULL,NULL
934,"Bickmore Risk Services",NULL,NULL
935,"Calaveras Unified School District",NULL,NULL
936,"California Association Of Private Special Education Schools (Capses)",NULL,NULL
937,"California Association Of Work Experience Educators",NULL,NULL
938,"California Association For Health Services At Home",NULL,NULL
939,"Association Of California Construction Managers",NULL,NULL
940,"California Charter Schools Association",NULL,NULL
941,"California Retired Teachers Association",NULL,NULL
942,"Five Star Education Coalition",NULL,NULL
943,"Ballard & Tighe, Publishers",NULL,NULL
944,"Aes Pacific",NULL,NULL
945,"Glendale Unified School District",NULL,NULL
946,"Magnolia Elementary School District",NULL,NULL
947,"Santa Clara County Office Of Education",NULL,NULL
948,"California School Library Association",NULL,NULL
949,"California Association Of Teachers Of English To Speakers Of Other Languages",NULL,NULL
950,"Riverside Unified School District",NULL,NULL
951,"Marin County Superintendents",NULL,NULL
952,Allscripts,NULL,NULL
953,"California Association Of Pest Control Advisers ",NULL,NULL
954,"California Association Of Winegrape Growers",NULL,NULL
955,"Napa City Of",NULL,NULL
956,"Underwriters At Lloyd'S London (Lloyd'S Of London)",NULL,NULL
957,"Ceres Unified School District",NULL,NULL
958,"Davis Jt. Unified School District",NULL,NULL
959,"California Wool Growers Association",NULL,NULL
960,"The Margolin Group Inc.",NULL,NULL
962,"Association Of Child Victim Treatment Centers",NULL,NULL
963,"California Independent Bankers Of The Independent Community Bankers Of America",NULL,NULL
964,"Bristol-Myers Squibb Company",NULL,NULL
965,"Affiliated Computer Services",NULL,NULL
966,"Coalition For Adequate School Housing",NULL,NULL
967,"Community College Facility Coalition",NULL,NULL
968,"International Code Council",NULL,NULL
969,"Lynwood Unified School District",NULL,NULL
970,"Ca Child Development Administrators Association",NULL,NULL
971,"Colusa Basin Drainage District",NULL,NULL
972,"Glenn-Colusa Irrigation District",NULL,NULL
973,"Imperial Irrigation District",NULL,NULL
974,"Kern County Water Agency",NULL,NULL
975,"Kings River Conservation District",NULL,NULL
976,"Kings River Water Association",NULL,NULL
977,"Lake County Sanitation District",NULL,NULL
978,"American Planning Association, California Chapter",NULL,NULL
979,"California Paint Council, A Chapter Of The National Paint & Coatings Association",NULL,NULL
980,"Modesto Irrigation District",NULL,NULL
981,"Norcal Waste Systems, Inc.",NULL,NULL
982,"Center For Energy & Economic Development, The",NULL,NULL
983,"Sacramento Area Flood Control Agency",NULL,NULL
984,"San Bernardino Valley Municipal Water District",NULL,NULL
985,"Maersk Company, The",NULL,NULL
986,"California School Boards Association",NULL,NULL
987,"California Association Of Administrators Of State And Federal Education Programs",NULL,NULL
988,"California Japanese American Community Leadership Council",NULL,NULL
989,"California Science Center Foundation",NULL,NULL
990,"City College Of San Francisco",NULL,NULL
991,"Culligan International Company",NULL,NULL
992,"North Bay Construction Inc.",NULL,NULL
993,"Child Development Policy Institute",NULL,NULL
994,"Professional Association For Childhood Education",NULL,NULL
995,"California Association Of Public Authorities For Ihss",NULL,NULL
996,"California Beer & Beverage Distributors",NULL,NULL
997,"Pacific Rim Drywall Association",NULL,NULL
998,"California Association Of Zoos And Aquariums",NULL,NULL
999,"California Council For Environmental And Economic Balance",NULL,NULL
1000,"Sicpa Product Security",NULL,NULL
1001,"Natural History Museum Of Los Angeles County",NULL,NULL
1002,"Tesoro Refining & Marketing Company",NULL,NULL
1003,"Mojave Water Agency",NULL,NULL
1004,"Westlands Water District",NULL,NULL
1005,"City Of San Diego",NULL,NULL
1006,"Edison International & Subsidiaries",NULL,NULL
1007,"Dell Inc.",NULL,NULL
1008,"Alhambra, City Of",NULL,NULL
1010,"Connections Academy",NULL,NULL
1011,EdFund,NULL,NULL
1012,"Fullerton Joint Union High School District",NULL,NULL
1013,"High School Districts Association",NULL,NULL
1014,"Los Angeles Unified School District",NULL,NULL
1015,"Montebello Unified School District",NULL,NULL
1016,"San Bernardino City Unified School District",NULL,NULL
1017,"Osteopathic Physicians And Surgeons Of California",NULL,NULL
1018,"Daughters Of Charity Health System",NULL,NULL
1019,"Harley-Davidson Motor Company",NULL,NULL
1020,"Employers Compensation Insurance Company",NULL,NULL
1021,"Local Health Plans Of California",NULL,NULL
1022,"Contra Costa County Superintendents Coalition",NULL,NULL
1023,"Hemet Unified School District",NULL,NULL
1024,"Lamont School District",NULL,NULL
1025,"Lassen Union High School District",NULL,NULL
1026,"Mc Grath Rentcorp Dba Mobile Modular Management Corporation",NULL,NULL
1027,"Pasadena Unified School District",NULL,NULL
1028,"Metropolitan Life Insurance Company",NULL,NULL
1029,"Naral Pro-Choice America Dba Naral Pro-Choice California",NULL,NULL
1030,"Safeguard Health Plans, Inc",NULL,NULL
1031,"Sealy, Inc.",NULL,NULL
1032,"United Domestic Workers Of America, Afscme, Afl-Cio",NULL,NULL
1033,"San Gabriel Basin Water Quality Authority",NULL,NULL
1034,"San Luis & Delta-Mendota Water Authority",NULL,NULL
1035,"Santa Cruz, City Of",NULL,NULL
1036,"Scientific Games International, Inc.",NULL,NULL
1037,"Solano County Water Agency",NULL,NULL
1038,"Southern California Ready Mixed Concrete Association",NULL,NULL
1039,"Southern California Rock Products Association",NULL,NULL
