pid,last,first,middle
195,Diaz,Lupe,NULL
1062,Cattolica,Steven,J.
1063,Rasberry,Tamara,A.
1103,Sanchez,Alecia,NULL
1116,"London II",Carl,E.
1133,Martin,Rand,NULL
1134,Rose,Cristina,L.
1158,Assagai,Mel,NULL
1285,McDonald,Mary,NULL
1305,Jack,James,NULL
1336,Preston,Laura,NULL
1355,Blanchard,Angela,K.W.
1446,Dicaro,Christina,M.
1452,Blumberg,Amy,R.
1492,"Mc Fetridge",Duncan,NULL
1493,Carney,Mckay,NULL
1500,Louizos,Nick,NULL
1524,Rice,Tony,NULL
1559,Gant,Simeon,M.
1587,Cespedes,Larisa,M.
1628,Heaton,Staci,L.
1684,Cole,Charles,L
1721,Bailey,Keri,Askew
1793,Carpenter,Michael,L.
1800,Espinosa,Elizabeth,Howard
2087,Hajela,Abe,NULL
2164,Gavric,Jelisaveta,NULL
2197,"Di Caro",Christina,M.
2218,Hitt,Kelly,NULL
2309,"De Valencia Y Sanchez",Lauren,NULL
2311,York,Andrea,Harvey
2319,Johnston,Deanna,K.
2348,Oldfield,Justin,NULL
2389,Lee,Mandy,Y.
2517,McFarland,Jan,NULL
2565,Ortega,Elizabeth,NULL
2587,McFarland,Jan,E.
2617,Hawkins,Michael,NULL
2655,Delgado,Connie,NULL
2658,Blaisdell,Patricia,NULL
2786,Turner,Meredith,Vivian
2823,Kim,Doug,NULL
2981,Baum,Geoffrey,NULL
2982,Higa,Joy,NULL
2983,Hanak,Ellen,NULL
2984,Gallagher,Leslie,NULL
2985,Bosler,Keely,NULL
2986,Taylor,Mac,NULL
2987,Dorsey,Adam,NULL
2988,Martin,Shawn,NULL
2990,Terry,Melinda,NULL
2991,Fiorini,Randy,NULL
2992,Curry,Tina,NULL
2993,Soderborg,Drew,NULL
2994,Bardini,Gary,NULL
2995,Ghods,Davood,NULL
2998,Secretary,Committee,NULL
2999,Kuhn,Jennifer,NULL
3000,Shelton,Kristin,NULL
3001,Wade,Richard,NULL
3002,Husari,Susan,NULL
3003,Bischel,David,NULL
3004,Xavier,Joe,NULL
3005,Keller,Teresa,NULL
3007,Bashin,Bryan,NULL
3008,Sequintas,Robert,NULL
3009,Mudryk,Andy,NULL
3011,Tracy,Gwyneth,NULL
3012,Acton,Anna,NULL
3013,Rosenberg,Richard,NULL
3014,Sauer,Tony,NULL
3015,Ramos,Monique,NULL
3016,Sakowski,Gayle,NULL
3017,Guarna,Russ,NULL
3018,Doyle,John,NULL
3022,Turner,Kim,NULL
3023,Brenes,Isabel,NULL
3024,Blake,Roger,NULL
3026,Schweizer,Nicholas,NULL
3027,Schweizer,Nicholas,NULL
3028,VoiceOver,,NULL
3029,Kuderna-Reeves,Samantha,NULL
3030,Hall-Panameno,Julie,NULL
3031,Williams,Keasara,NULL
3032,Salceda,Angelica,NULL
3033,Burlington,Sara,NULL
3034,Burlington,Sara,NULL
3035,Karpilow,Kate,NULL
3036,Sisney,Jason,NULL
3037,Nichols,Mary,NULL
3039,Brown,Jane,Leonard
3042,Annis,Brian,NULL
3044,Poeppelman,Rick,NULL
3046,Darling-Hammond,Linda,NULL
3047,Farrow,Joe,NULL
3048,Richard,Dan,NULL
3049,Kempton,Will,NULL
3051,Franco,Marisol,NULL
3052,Guillen,Liz,NULL
3053,Ajise,Kome,NULL
3054,Shiomoto,Jean,NULL
3055,Burr,Sue,NULL
3056,Ashley,Keric,NULL
3058,Cabral,Edgar,NULL
3059,Allen,Brooks,NULL
3060,Chu,Carolyn,NULL
3061,Waddell,Gary,NULL
3062,Dougherty,Ellen,NULL
3063,Goldstein,Heidi,NULL
3064,Martinez,Christina,NULL
3065,Vaca,Jeffrey,NULL
3066,Miguel,Melissa,San
3067,Nickelsburg,Jerry,NULL
3068,Blake,Stephen,NULL
3069,Lillis,Sarah,NULL
3070,Mansfield,Cecelia,NULL
3071,Hernandez,Vanessa,NULL
3072,Ramsdell,Molly,NULL
3073,Morales,Jeff,NULL
3074,Hauge,Scott,NULL
3076,Petree,Dave,NULL
3077,Gharatappeh,Ehsan,NULL
3078,Capitman,John,NULL
3079,Humphreys,Karen,NULL
3080,Levenson,Rebecca,NULL
3081,Stork,Ronald,NULL
3082,Thomason,Liana,NULL
3083,Unkel,Chris,NULL
3084,Heckman,Alicia,NULL
3085,Torres,Jesse,NULL
3086,Grant,Terry,NULL
3087,Vicencia,Natalee,NULL
3088,Davis,Donna,NULL
3089,Barrett,Will,NULL
3090,Libang-Bobila,Rowena,NULL
3091,Fong,Hazel,NULL
3092,Brown,Linda,S.
3093,Gould,William,NULL
3094,Garfinkle,Allen,NULL
3096,Schneider,Bob,NULL
3097,Flick,Pamela,NULL
3099,Tengolics,Alexander,NULL
3101,Husby,Sarah,NULL
3102,Weaver,Nathan,NULL
3103,Misio,Robert,NULL
3104,Moores,Eldridge,NULL
3105,Lasensky,Elizabeth,NULL
3106,Bailey,Nadine,NULL
3107,Favorini-Csorba,Anton,NULL
3108,Laird,John,NULL
3109,Snow,Lester,NULL
3110,Tuck,Cindy,NULL
3111,Craft,Rhonda,NULL
3112,Scheuring,Chris,NULL
3113,Carrillo,Omar,NULL
3114,Plants,Denise,NULL
3115,Obegi,Doug,NULL
3116,Mackenzie,Jake,NULL
3117,Davis,Grant,NULL
3118,Bryden,Russ,NULL
3119,Arevalo,Anthony,NULL
3120,Woodling,John,NULL
3121,Mowrer,Chris,NULL
3123,Witherspoon,Boykin,Witherspoon
3124,Rosentrater,Phil,NULL
3125,Shintaku,Roger,NULL
3126,Timmer,Kerri,NULL
3127,Ranson,Mark,NULL
3129,Clary,Jennifer,NULL
3130,Dolan,Danielle,NULL
3131,Byrne,Joe,NULL
3133,Cowin,Mark,NULL
3134,Marcus,Felicia,NULL
3136,Rogers,Santi,NULL
3138,Donnelly,John,NULL
3139,Avalos,Arnoldo,NULL
3140,Estolano,Cecilia,V.
3141,Sumner,Nancy,NULL
3142,Budnick,Scott,NULL
3143,Epstein,Thomas,NULL
3151,Sporleder,Kyle,NULL
3152,Cervinka,Pete,NULL
3153,Gunn,Theresa,NULL
3154,Parks,Bruce,NULL
3159,Villareal-Younger,Mirtha,NULL
3160,"De Wall",Jason,NULL
3161,Sin,Lindsey,NULL
3162,Archambault,Laurie,NULL
3163,Thames,Todd,NULL
3164,Bingham,Chris,NULL
3165,Almy,Matt,NULL
3166,Hunting,Kevin,NULL
3167,Mace,Amber,NULL
3168,Long,Jane,NULL
3169,Flores,George,NULL
3170,Nechodom,Mark,NULL
3171,Bonlen,Steven,NULL
3172,Bishop,Jonathan,NULL
3173,Nobel,Suzanne,NULL
3174,Mordick,Briana,NULL
3175,Grinberg,Andrew,NULL
3176,Bohlen,Steven,NULL
3177,Bonham,Charlton,NULL
3178,Chen,YangQuan,NULL
3180,Homman,Tanya,NULL
3181,Johnson,Karen,NULL
3182,Degrees,Laura,NULL
3183,Cameron,Peter,NULL
3184,Tavera,Mitch,NULL
3186,Egan,Patrick,NULL
3189,Garelick-Bell,Ross,NULL
3190,Firestone,Laurel,NULL
3192,Baker,Caitlin,NULL
3193,LeMay,Ian,NULL
3194,Patterson,Tia,Boatman
3195,Cappio,Claudia,NULL
3196,Tien,Lee,NULL
3197,Boylan,Keith,NULL
3199,Kuoch-Seng,Jefferson,NULL
3201,Schwartz,Charles,NULL
3203,Frank,Clare,NULL
3204,Alexander,Travis,NULL
3205,Walsh,Sarah,NULL
3208,Ziegler,Jay,NULL
3211,Glasser-Hedrick,Jeree,NULL
3212,Hessheimer,Dana,NULL
3214,Kissee,Jillian,NULL
3215,Golaszewski,Paul,NULL
3217,Brostrom,Nathan,NULL
3220,Panos,Laura,NULL
3222,Jones,Marilyn,NULL
3223,Friedman,Jennifer,NULL
3224,Hew,Randy,NULL
3225,Kimbell,Lillian,NULL
3227,Cantwell,Mari,NULL
3228,Lewis,Ian,NULL
3229,Martello,Kendra,NULL
3230,Joyce,Geoffrey,NULL
3231,Alton,Gregg,NULL
3232,Araby,Jim,NULL
3233,Shin,Amy,NULL
3234,McKeever,Doug,NULL
3235,Awsare,Sameer,NULL
3236,Lockhart,Stephen,NULL
3237,Day,Adam,NULL
3238,Farar,Debra,S.
3239,Shannon,Maribeth,NULL
3240,Stevens,Tom,NULL
3241,Cull,Kathy,NULL
3242,Boxall,Brian,NULL
3243,Pepper,Joanie,NULL
3244,Omoto,Marty,NULL
3246,McCoy,Catherine,NULL
3247,Burton,Jim,NULL
3248,Bonnet,Phil,NULL
3249,Button,Robert,NULL
3250,Sacksteder,Vicki,NULL
3252,Quigley,Michael,NULL
3255,Basco,Julie,NULL
3256,Osgan,Cathy,NULL
3257,Saunders,Jessica,NULL
3258,Glaser,Jack,NULL
3259,Endsley,Debbie,NULL
3261,Graves,Devon,NULL
3262,Ishida,Allen,NULL
3263,Vanderpot,Diane,NULL
3264,Tremblay,Jp,NULL
3266,Polhemus,Darrin,NULL
3267,Billington,Tracie,NULL
3268,Mendelsohn,Bryce,NULL
3269,Wojciak,Julianne,NULL
3270,Arellano,Bernardette,NULL
3271,Beltran,Elva,NULL
3272,Esposito,Joey,NULL
3273,Cordell,LaDoris,NULL
3274,Bibring,Peter,NULL
3275,Durant,Mike,NULL
3276,Fishman,Edward,Marc
3277,Ferreira,Jinho,NULL
3278,Christianson,Adam,NULL
3279,Garcia,Tomas,NULL
3280,Alvarez,Tony,NULL
3281,Johnson,Donna,NULL
3282,Brown,Allwyn,NULL
3283,Beltran,Fred,NULL
3284,Lee,Yang,NULL
3285,Lopez,Jennifer,NULL
3286,Hacker,James,NULL
3287,Keck,Steven,NULL
3290,Carlson,Dale,NULL
3291,Mock,Anthony,NULL
3292,Hall,Alicia,NULL
3293,Hill,Jacob,V.
3294,Tingirides,Phillip,NULL
3295,Tingirides,Emada,NULL
3296,Gallegos,Angelica,NULL
3297,Huffman,Alice,NULL
3299,Beltran,Denika,NULL
3300,Zanipatin,Jeannette,NULL
3301,Arechiga,Christina,NULL
3302,Henning-Adam,Elizabeth,NULL
3303,Bonia,Alani,NULL
3304,Alvarado,Frank,NULL
3305,Bonia,Eduardo,NULL
3306,Preparata,Claudia,NULL
3307,Connallon,Janis,NULL
3308,Mattern,Elinor,NULL
3309,Benjamin,Sarah,NULL
3311,Castro,Alexis,NULL
3312,Howard,Lester,NULL
3313,Manzanares,Maricruz,NULL
3314,Huriaux,Emalie,NULL
3315,Packard,Julie,NULL
3316,Woo,Michael,NULL
3318,Bonilla,Aloni,NULL
3319,Castelar,Rosie,NULL
3320,Castelar,Angel,NULL
3321,Castelar,Eduardo,NULL
3322,CastaÃ±eda,JosÃ©,NULL
3323,Fahardo,Steven,NULL
3324,Watson,Michelle,NULL
3325,Brown,Brandy,NULL
3326,Bermudez,Ruben,NULL
3327,Aqeel,Rosa,NULL
3328,Hawthorn,Paula,NULL
3329,Adam,Everitt,NULL
3330,Gonzalez,Jose,NULL
3331,Trueworthy,Katie,NULL
3332,Reyes,Debbie,NULL
3333,Williams,Tyrell,NULL
3334,Motsuma,Harley,NULL
3335,Sabo,Kevin,NULL
3336,Quinn,Caitlin,NULL
3337,Navid,Marium,NULL
3338,Reveles,Roman,NULL
3339,Orr,Rodney,NULL
3340,Raycraft,Sean,NULL
3341,Coba,Phil,NULL
3342,Velikovsky,Paolo,NULL
3343,Mckeever,Judy,NULL
3345,Rodriguez,Edelmira,NULL
3346,Sellstrom,Oren,NULL
3347,Little,Tanya,NULL
3348,Lohrentz,Tim,NULL
3349,Chan,Michael,NULL
3350,Bley,Ruth,NULL
3351,Jordan,Fred,NULL
3353,Iwasaki,Randy,NULL
3354,Smith-Dohring,Anette,NULL
3357,Haspel,Jessica,NULL
3358,Vo,Thien,NULL
3359,Didier,Amber,NULL
3362,Ellison,Brian,NULL
3363,Malvido,Elvia,NULL
3364,Brown,Dana,NULL
3365,Floyd,Yolanda,NULL
3367,Star,Thelma,NULL
3368,Masyes,Elida,NULL
3369,Padea,Robert,NULL
3372,Rentschler,Randy,NULL
3373,Earp,James,NULL
3378,Parrish,John,NULL
3379,Given,Doug,NULL
3381,Scherzinger,Sharon,NULL
3382,Merriwether,Ingrid,NULL
3383,Heaton,Thomas,NULL
3384,Allen,Richard,NULL
3385,Igram,Justin,NULL
3386,Ingram,Justin,NULL
3387,Mangat,Lisa,NULL
3388,Lau,Eddy,NULL
3389,Goldstein,Elizabeth,NULL
3390,Cervantes,Anne,NULL
3391,Hodder,Sam,NULL
3392,Wilson,Regina,NULL
3393,Rainey,Tim,NULL
3394,McMahone,Brian,NULL
3395,Osmena,Christian,NULL
3396,Johnson,Ian,NULL
3397,Collins,Natasha,NULL
3398,Padilla,Alex,NULL
3399,Field,Mona,NULL
3400,Feng,Kathay,NULL
3401,Mitchell,Paul,NULL
3402,Levinson,Jessica,NULL
3403,Sonenshein,Raphael,NULL
3404,Ridley-Thomas,Mark,NULL
3405,England,Denise,NULL
3451,Ames,Ashley,NULL
3452,Brown,Brian,NULL
3453,Brown,Ross,NULL
3455,Constantouros,Jason,NULL
3458,Early,Virginia,NULL
3459,Edwards,Aaron,NULL
3460,Ehlers,Rachel,NULL
3464,Harvey,Sani,NULL
3465,Heiman,Judy,NULL
3466,Kapphahn,Kenneth,NULL
3467,Kerstein,Helen,NULL
3468,Kerstein,Seth,NULL
3469,Kesarwani,Rashi,NULL
3472,Larson,Sarah,NULL
3473,Lee,Anita,NULL
3476,Miller,Ryan,NULL
3477,Morales,Lourdes,NULL
3478,Naqvi,Jameel,NULL
3479,Navarre,Ginni,Bella
3480,Newton,Mark,NULL
3481,OfMalley,Marianne,NULL
3482,Peters,Jessica,NULL
3484,Schroeder,Nick,NULL
3485,Simbol,Anthony,NULL
3487,Uhler,Brian,NULL
3488,Weatherford,Brian,NULL
3489,Woolsey,Ryan,NULL
3490,Gerow,Robert,NULL
3494,Castrillo,Christopher,NULL
3495,Kim,Daniel,NULL
3496,Kellum,Clint,NULL
3497,Stowe,Milt,NULL
3498,Gurrola,Virginia,NULL
3499,Mark,Karen,NULL
3500,Pearson,Courtney,Mulhern
3502,Mitchell,Connie,NULL
3503,Nelson,Christine,NULL
3504,Harbison,Kimberly,NULL
3505,Matalka,Jamey,NULL
3506,Dhillon,Niki,NULL
3507,Ghilarducci,Mark,S.
3508,Mehrian,Kyle,NULL
3509,Kwan,Ethan,NULL
3510,Kaplan,Jennifer,NULL
3511,Luo,Sandra,NULL
3512,Farley,Karen,NULL
3513,Parker,Amanda,NULL
3514,Guo,Melinda,NULL
3515,Kaufman,Roman,NULL
3516,Gaffney,Leslie,NULL
3517,Durham,Mark,NULL
3518,Bacigalupi,John,NULL
3519,Beard,Jeffrey,NULL
3520,Bow,Timothy,NULL
3521,Ochoa,Carlos,NULL
3522,Nebenzahl,Scott,NULL
3524,Dickson,George,NULL
3525,Whent,Sean,NULL
3527,Logan,Dean,NULL
3529,Sherriff,Rona,NULL
3530,Lemieux,Estelle,NULL
3531,Brown,Kristina,NULL
3532,Aschwanden,Jim,NULL
3533,Howle,Elaine,NULL
3534,Vu,Michael,NULL
3535,Hamatake,Ben,NULL
3536,Rosco,Normento,NULL
3537,Gold,Rosalind,NULL
3538,Ahmed,Tanzila,NULL
3539,Eberhardt,Jennifer,NULL
3544,Ingemunson,Gary,NULL
3545,Ogus,Scott,NULL
3546,Zombro,Karla,NULL
3547,Porterville,Belina,NULL
3548,Farrar,Tony,NULL
3549,Spagnoli,Sandra,NULL
3550,Alikhan,Arif,NULL
3551,Trausto,Yolanda,NULL
3552,Lollis,John,NULL
3556,Bashioum,Joshua,NULL
3557,Rank,Jacqueline,NULL
3558,Orosco,Rachel,NULL
3559,Alaynick,Rachel,NULL
3560,Klaasen,Evie,NULL
3561,White,Peter,NULL
3563,Anderson,Barry,NULL
3564,Teran,Ernesto,NULL
3565,Mirisch,John,NULL
3567,Aria,Alexis,NULL
3568,Kanin,Max,NULL
3569,Willmer,Aj,NULL
3570,Choi,Peter,NULL
3571,Harris,Brice,NULL
3572,White,Timothy,NULL
3573,Brass,Frank,NULL
3574,Zalewski,Katherine,NULL
3575,Jerrow,Bob,NULL
3576,Napolitano,Janet,NULL
3577,Translator,Testimony,NULL
3578,Wu,Gina,NULL
3579,File,Alex,NULL
3580,Sung,Justin,NULL
3581,Boyer,Paul,NULL
3582,Herren,Taylor,NULL
3583,Yee-Melichar,Darlene,NULL
3584,Wehr,Kevin,NULL
3585,Boulgarides,Lois,NULL
3586,Moon,Michael,NULL
3587,Choadarova,Alitsa,NULL
3588,Noriani,Olivia,NULL
3589,Odutt,Sean,NULL
3590,Magee,Mike,NULL
3591,Reed,Nikki,NULL
3592,Keith,Shannon,NULL
3593,Schneider,Eric,NULL
3594,Parker,Amy,NULL
3595,Feingold,Anne,NULL
3596,Gallis,Donna,NULL
3597,Warner,Ella,NULL
3598,Farish,Ella,NULL
3599,Warner,Shannon,NULL
3600,Rhyne,Teresa,NULL
3601,Lee,Susan,NULL
3602,Annis,Jayne,NULL
3603,Monaski,Michael,NULL
3604,Monasky,Michael,NULL
3605,Dirks-Monasky,Nancy,NULL
3606,Eastwood,Maria,NULL
3607,Feldstein,Nancy,NULL
3608,Engebretson,Monica,NULL
3609,Hooper,Lela,NULL
3610,Steinway,Anthony,NULL
3612,Ortiz,Laura,NULL
3613,Jonas,Kevin,NULL
3614,Pillard,Linda,NULL
3615,Beek,Joanna,NULL
3616,Dietiker-Yolo,Linda,NULL
3617,Rutan,David,NULL
3618,Jinx,Tammy,NULL
3619,Moore,Ryan,NULL
3620,Lane,Suzanne,NULL
3621,Shure,Judy,NULL
3622,Suarez,Don,NULL
3623,Goldman,Jeff,NULL
3624,Hernandez,Isabella,NULL
3625,Eaton,Hillary,NULL
3626,Hall,Nadine,NULL
3627,Curry,Joan,NULL
3628,Murphy,Jason,NULL
3629,Carbone,Elizabeth,NULL
3630,Green,Sherril,NULL
3631,Thompson,Ross,NULL
3632,Stillwell-Parvensky,Michele,NULL
3633,Kruckel,Kim,NULL
3634,Lukas,Victor,NULL
3635,Felt,Stephen,NULL
3636,Adams,Sean,NULL
3637,Velazquez-Klettke,Esther,NULL
3639,Renzi,Michael,John
3640,Garner,Joseph,NULL
3641,Schroeder,Alice,NULL
3642,Choi,Steve,NULL
3643,Lum,Anne,NULL
3644,Banks,Anna,NULL
3645,Wallace,Sonja,NULL
3646,Cole,Deborah,NULL
3647,Brignolo,Laurie,NULL
3648,Corley,Nicole,NULL
3650,Arellano,Bernardette,NULL
3651,Ricketts,Morgan,NULL
3652,Mastagni,David,NULL
3653,Berhow,Alicia,NULL
3655,Escarsega-Fechner,Mary,Alice
3656,Litzelman,Harley,NULL
3657,Ornellas,Mark,NULL
3658,Harrington,Kim,NULL
3659,Reed,Sabrina,NULL
3660,Mello,Cheryl,NULL
3661,Pieri,Steve,NULL
3662,Caso,Rosemary,NULL
3663,Gale,Emanuel,NULL
3664,Krabacher,Thomas,NULL
3665,Hall,Aspen,NULL
3666,Muir,Kate,NULL
3667,Lam,Jacob,NULL
3668,Knight,Katori,NULL
3669,Healy,Shawn,NULL
3670,Alexanian,Talar,NULL
3671,Johnston,Darion,NULL
3672,Antoine,Christine,NULL
3673,Salmeed,Rebecca,NULL
3674,Rosen,Heather,NULL
3675,Colazar,Catherine,NULL
3678,Wong,Michele,NULL
3679,Raimo,Sar,Bass
3680,Mustug,Tara,Cathy
3682,Knights,Peter,NULL
3683,Deutsch,James,NULL
3684,Kwok,Sharon,NULL
3685,Samuel,Jen,NULL
3686,Alles,Rosemary,NULL
3687,Palmer,Mark,NULL
3688,Chicago,Josh,NULL
3689,Ki,Judy,NULL
3690,Umano-Jones,Georja,NULL
3691,Gung,Andrea,NULL
3692,Guccione,Mara,NULL
3693,Olmstead,Lois,NULL
3694,Olmstead,Donald,NULL
3695,Lichterman,Joan,NULL
3696,Austin,Maria,Lucia
3697,Balise,Samantha,Noelle
3698,Reynolds,Judith,NULL
3699,Decker,Kathryn,NULL
3700,Gelman,Robert,NULL
3701,Waters,Michelle,NULL
3702,Michaelides-Smith,Jane,NULL
3704,McBride,Judith,NULL
3705,Nasser,Carney,Anne
3706,McBride,Mike,NULL
3708,Lang,Davi,NULL
3709,Trainer,Amy,NULL
3710,Miller,Jenesse,NULL
3711,Laverty,Larry,NULL
3712,Cressill,Piper,NULL
3713,Howgee,Erin,NULL
3714,Hawkins,Laura,NULL
3715,Diamond,Cynthia,NULL
3716,Luebkeman,Erin,NULL
3717,Turokey,Gail,NULL
3718,Callahan,Julie,NULL
3719,Yates,Carol,NULL
3720,Yates,Bill,NULL
3721,Hazelhofer,Galen,NULL
3722,Wolfe,Linda,NULL
3723,Ducay,Terri,NULL
3724,Casey,Debbie,NULL
3725,Doyle,Catherine,NULL
3726,Rome,Victoria,NULL
3727,Steinkamp,Carol,NULL
3728,Vistera,Erica,NULL
3729,Vistera,Gloria,NULL
3730,Kiessling,Christine,NULL
3731,Reidenback,Luke,NULL
3732,Bradford,Craig,NULL
3734,Goins,Catherine,NULL
3735,Stout,Tabitha,NULL
3737,Allison,Kathleen,NULL
3738,Cha,Kia,NULL
3739,Brown,Alessandra,NULL
3740,Juarez,Steve,NULL
3742,Kolitsos,Nicholas,NULL
3743,Tilden,Mike,NULL
3744,Ignatius,Mary,NULL
3746,Zuniga,Danielle,NULL
3747,Richardson,Endria,NULL
3749,Tatayon,Susan,NULL
3751,Holmes,Jessica,NULL
3752,Riisager,Stephanie,NULL
3753,Calles,Ana-Estella,NULL
3754,Kaufman,Lisa,NULL
3755,Olenick,Michael,NULL
3756,Lightbourne,Will,NULL
3757,Hoene,Chris,NULL
3758,Woiwode,Pete,NULL
3759,Gibson,Connie,NULL
3760,Tidwell,Millicent,NULL
3761,Dorrington,Erica,NULL
3762,Gray,Natalie,NULL
3763,Sprague,Andrea,NULL
3764,Birdsall,Tamara,Maycee
3765,Carter,Nanette,NULL
3766,Wills,Megan,NULL
3767,Goldberg,Stephen,NULL
3768,Thorp,Vivian,NULL
3769,Zuniga,Diana,NULL
3770,Thoma,Jeffrey,NULL
3771,Kuwabara,Gary,NULL
3772,Hora,Paul,NULL
3776,Javid,Khydeeja,Alam
3777,Buthee,Nina,NULL
3778,Asato,Linda,NULL
3779,Helmsin,Beth,NULL
3782,Alarcon,Blanca,NULL
3783,O'Neil,Kevin,NULL
3785,Pappas,Zoe,NULL
3787,Hart,Jean,NULL
3788,Healy,Pat,NULL
3789,Bassi,Lisa,NULL
3790,Kuentzel,Brandy,NULL
3791,Ardaiolo,Matthew,NULL
3792,McKim,Matt,NULL
3793,Fowler,Adrian,NULL
3794,Gordon,Jasmine,NULL
3796,Dick-endrizzi,Irene,NULL
3797,Marks,Susan,NULL
3798,Hafdt,Carol,NULL
3799,Morrow,Deborah,NULL
3800,Kinzley,Gina,NULL
3801,Gotliffe,Amy,NULL
3802,Kern,Muriel,NULL
3804,Quiroz,Alfonso,NULL
3805,Espinoza,Alejandro,NULL
3806,Bell,Ernie,NULL
3807,Giraldo,Christina,NULL
3808,Walker,Trevor,NULL
3809,Gavlak,Kate,Wren
3810,Addington,Tom,NULL
3811,Romley,Nick,NULL
3812,McKinley,Ned,NULL
3813,Frisch,Kelly,NULL
3814,Singh,Candace,NULL
3815,Nancarrow,Vanessa,NULL
3817,Carter,Doug,NULL
3818,Worley,Ed,NULL
3820,Patterson,Tom,NULL
3821,Flaherty,Kieran,NULL
3822,Doyle,Robert,NULL
3826,Christian,Carolyn,NULL
3827,Ramirez,Ricardo,NULL
3828,Zak,RIchard,NULL
3829,McKee,Stuart,NULL
3830,Hedin,Jeff,NULL
3831,Stratton,Thomas,NULL
3834,Rodriguez,Martha,NULL
3835,Aslanian,Kevin,NULL
3836,Gaines,Bill,NULL
3837,Gamson,David,NULL
3839,Paredes,Sam,NULL
3841,Ansell,Phil,NULL
3842,Evans,Chris,NULL
3843,Frazier,Christine,NULL
3844,Duchon,Elliott,NULL
3845,Heredia,Aaron,NULL
3846,Todd,Thomas,NULL
3847,Malhotra,Tristan,NULL
3848,Walker,Terry,NULL
3850,Swett,Karen,NULL
3851,Fox,Annie,NULL
3852,Strong,Brad,NULL
3854,Beecham,Ashley,NULL
3855,Lowe,Jason,NULL
3856,Schott,Liz,NULL
3857,Rodriguez,Matthew,NULL
3858,Wood,Douglas,NULL
3859,Bozick,Robert,NULL
3861,Silbert,Rebecca,NULL
3862,Kretzmann,Hollin,NULL
3863,Hodgkins,Rick,NULL
3864,Bamberger,Joshua,NULL
3865,Dixon,Nadine,NULL
3866,Colment,Barbara,NULL
3867,Mukamal,Debbie,NULL
3868,Carroll,Eileen,NULL
3869,Carroll,Eileen,NULL
3870,Carroll,Eileen,NULL
3871,Nunes,Brandon,NULL
3873,Rabond,Doshile,NULL
3874,Jenson,Chris,NULL
3875,Mcclain,Angel,NULL
3876,Jones,Andrea,NULL
3877,Troy,Dan,NULL
3878,Toche,Diana,NULL
3879,Kessler,Stephen,NULL
3880,Barry,Joseph,NULL
3881,Jackson,Brenda,NULL
3882,Lundell,Della,NULL
3883,Tom,Jared,Jeff
3884,McNulty,Skylar,NULL
3885,Lee,Barbara,NULL
3886,Thompson,Greg,NULL
3887,Rebecca,Colleen,NULL
3888,Choate,Brant,NULL
3889,Stewart,Vince,NULL
3890,Walker,Pam,NULL
3891,Wilson,Allen,NULL
3892,Doe,Baylin,NULL
3893,Safloyd,Keith,NULL
3894,Stewart,Ernestine,NULL
3895,Hannah,Joann,NULL
3896,Garner,Brenda,NULL
3897,Pancheco,Reyna,NULL
3900,Mclaughlin,Mary,Ellen
3901,Mierczynski,Lisa,NULL
3902,Rodriguez,Rosalie,NULL
3905,Limon,Gladys,NULL
3906,Woods,Jessica,NULL
3907,Vandawalker,Amy,NULL
3908,McMillan,Tanya,NULL
3909,Soto,Amelia,NULL
3910,Gutierrez,Annabelle,NULL
3911,Aster,Kristen,NULL
3912,Palmer,Sarah,NULL
3913,Barnes,Fred,NULL
3914,Jackson,Judy,NULL
3915,Galberth,Jennifer,NULL
3917,Anzui,Queisha,NULL
3918,Medau,Marilyn,NULL
3919,Lytle,Elaine,NULL
3920,Whitfield,Guitar,NULL
3921,Montoya,Susan,NULL
3922,Mortensen,Caroll,NULL
3923,Mahan-Carr,Camille,NULL
3925,Alarcon,Lourdes,NULL
3926,Wakefield,Teresa,NULL
3927,Doutherd,Clarissa,NULL
3928,Harris,Vickie,Ramos
3929,MacDonald,Dianna,NULL
3930,Zamudio,Janet,NULL
3931,Kern,John,NULL
3932,Thompson,Maureen,NULL
3933,Jones,"Dr. Debra",NULL
3934,Leahy,Brian,R.
3935,Allread,Jesse,NULL
3939,King,Charles,NULL
3940,Castillo,Janny,NULL
3942,Davis,Michael,NULL
3943,Prasad,Shanti,NULL
3944,Smith,Marcia,NULL
3945,Walwrath,Dave,NULL
3946,Corey,Richard,NULL
3947,Mack,Sandra,NULL
3948,Brooks,Mary,NULL
3949,Cratey,Allan,NULL
3950,Moss,Carol,NULL
3951,Schwartz,Matt,NULL
3953,Curley,Rebecca,NULL
3954,Favuzzi,Teresa,NULL
3955,Chance,Nancy,NULL
3958,Blakemore,Catherine,NULL
3959,Zigman,Eric,NULL
3960,Shinoda,Katie,NULL
3961,Clark,Dan,NULL
3962,Long,Michael,NULL
3963,Deleonardis,David,NULL
3964,Corielli,Teresa,NULL
3965,Correale,Theresa,NULL
3966,Lee,Juney,NULL
3967,Sanford,Will,NULL
3968,Lotfalian,Molly,NULL
3969,Fletcher,Robert,NULL
3970,Ehrsam,Fred,NULL
3971,PonTell,Steve,NULL
3973,Shoemaker,Doug,NULL
3974,Callison,Jenny,NULL
3975,Urquiza,Maritza,NULL
3977,Barna,Tina,NULL
3978,Cotton,Christina,NULL
3980,Baier,John,NULL
3981,Modera,Jeffrey,NULL
3982,Moreira,Jeffrey,NULL
3983,Fullerton,Kathleen,NULL
3984,Jones,Brante,NULL
3985,Warner,Phillip,NULL
3986,Bunse,Garth,NULL
3987,Hoshino,Martin,NULL
3988,Slough,Marsha,NULL
3989,Palote,Wally,NULL
3990,Montgomery,Mike,NULL
3991,Weikle,Russ,NULL
3993,Thompson,Carol,NULL
3994,Rushton,Richard,NULL
3995,Clarke,Michael,NULL
3996,Carruthers,Aaron,NULL
3997,Welch,Lawana,NULL
3998,Bargman,Nancy,NULL
3999,Fisher,Tia,NULL
4000,Hamlin,Kent,NULL
4001,Nottoli,Mark,NULL
4004,Marlett,Karen,NULL
4005,Walter,Shereen,NULL
4006,Cordova,Irene,NULL
4007,Boggs,Ian,NULL
4008,Wozniak,Jennifer,NULL
4009,Heimov,Leslie,NULL
4010,Edwards,Diane,NULL
4011,Larsen,Chris,NULL
4013,McCabe,Brian,NULL
4014,Magana,Rita,NULL
4015,Gifford,Karen,NULL
4017,Sato,Linda,NULL
4020,Neblos,Delia,NULL
4021,Brown,Thomas,NULL
4023,Brightman,Quanah,Parker
4024,Brito,Jerry,NULL
4025,Dombrowski,Bill,NULL
4026,Braun,David,NULL
4027,Ford,Kim,NULL
4028,Ericksen,Stephanie,NULL
4029,McGreevy,Rachel,NULL
4031,Nielsen,Jill,NULL
4033,Sewell,Carol,NULL
4034,Nezaam,Keith,NULL
4035,Pawlak,Timothy,NULL
4036,Fitzgerald,Maureen,NULL
4037,Whaley,Tom,NULL
4038,Ellis,Debbie,NULL
4040,Simon,Jessica,NULL
4041,Griffin,Jennifer,NULL
4042,Hansen,Victoria,NULL
4043,Case,Don,NULL
4044,Stone,Sean,NULL
4046,Behles,Deborah,NULL
4047,Weissman,Steven,NULL
4048,Turrell,Kimberly,NULL
4049,Bohle,David,NULL
4050,Belk,Tina,NULL
4051,Nieblas,Nelly,NULL
4052,Jerub,Beverly,NULL
4053,Brett,Mary,NULL
4054,Davis,Jami,NULL
4056,Francis,Sharon,NULL
4057,Soto,Yvonne,NULL
4058,Scott,Joy,NULL
4059,Rath,Kevin,NULL
4060,Day,Andrew,NULL
4061,Rea,Michael,NULL
4062,Dillard-Foss,Jacquie,NULL
4063,Vaughan,Lynn,NULL
4064,Edinburgh,Lydia,NULL
4065,Breakfield,Theresa,NULL
4066,Shorter,Jim,NULL
4068,Freedman,Matthew,NULL
4069,Pinada,Frank,NULL
4070,Storch,Miriam,NULL
4071,Picker,Michael,NULL
4072,Aguilar,Elizabeth,NULL
4073,Rindow,Richard,NULL
4075,Rindo,Richard,NULL
4077,Hillary,Cindy,NULL
4078,Sherlock,Rochelle,NULL
4079,Mills,Myrtle,NULL
4080,Prindiville,Kevin,NULL
4082,Sandoval,Gabriela,NULL
4084,Smith,Mollie,NULL
4085,Nzewi,Keisha,NULL
4086,Chodos,Anna,NULL
4087,Day,Amy,NULL
4088,Poole,Sandra,NULL
4089,Vender,Roxanne,NULL
4090,Bender,Roxanne,NULL
4091,Williams,Reginald,NULL
4092,Wilson,Walter,NULL
4093,Calvin,Charles,NULL
4094,Kocivar,Carol,NULL
4095,Caraviello,Rachel,NULL
4097,Como,Joe,NULL
4099,Scott,Janea,NULL
4100,Smith,Robin,NULL
4101,Singh,Manpreet,NULL
4103,Flock,Jeff,NULL
4104,Doe,Michelle,NULL
4105,Doe,Rachel,NULL
4106,Doe,Sharon,NULL
4107,Doe,Jane,NULL
4108,Mandelbaum,Tiffany,NULL
4109,Kent,Christopher,NULL
4110,Graves,Scott,NULL
4111,Banks,Cynthia,NULL
4112,Chen,Stephanie,NULL
4113,Wong,Gloria,NULL
4114,Bauer,Sandra,NULL
4115,Foley,Kelly,NULL
4117,Carmichael,Tim,NULL
4118,Reheis-Boyd,Catherine,NULL
4119,May,Armaiti,NULL
4120,Chase,Kevin,NULL
4121,Blake,John,NULL
4122,Zander,Glenn,NULL
4124,Madoshi,Diana,NULL
4125,Larson,Jill,NULL
4127,Retan,Dave,NULL
4128,Passmore,Gary,NULL
4129,Ralph,Lauren,NULL
4130,Inge,Ron,NULL
4131,Bloch,Eleanor,NULL
4132,Shane,Andrew,NULL
4133,Vigil,Jacob,NULL
4134,Doe,Mitsy,NULL
4135,Hene,Kelly,NULL
4136,Kenney,Moira,NULL
4137,Selser,Kelly,NULL
4138,Bowen,Lynn,NULL
4140,Hansen,Monique,NULL
4141,Lowry,Marcia,NULL
4142,Swarze,Andrea,NULL
4143,Swarze,Don,NULL
4144,Nailer,Bob,NULL
4145,Camille,Carmella,NULL
4147,Costa,Sandy,NULL
4148,Acosta,Sandi,NULL
4149,Penner,Linda,NULL
4151,File,Audio,NULL
4152,Calagos,Joyce,NULL
4153,Weber,C.T.,NULL
4154,Lovell,David,NULL
4157,Castro,Francis,NULL
4159,Grattet,Ryken,NULL
4162,Ward-Waller,Jeanie,NULL
4163,McKeeman,Jay,NULL
4164,Bell,Larry,NULL
4165,Lane,Pam,NULL
4166,Knight,Jim,NULL
4167,Meador,Joe,NULL
4169,Wong-Hernandez,Jacqueline,NULL
4170,Arambula,Raul,NULL
4171,Williams,Angelo,NULL
4174,Sites,Donna,NULL
4178,Segar,Mel,Blanchard
4182,Obasagai,Lee,NULL
4183,Smith,Susan,NULL
4184,Strobal,December,NULL
